Instrument,ABBV.N,ABT.N,ADM.N,ADP.O,AFL.N,ALB.N,AOS.N,APD.N,ATO.N,BDX.N,BEN.N,BFb.N,BRO.N,CAH.N,CAT.N,CB.N,CHD.N,CHRW.O,CINF.O,CL.N,CLX.N,CTAS.O,CVX.N,DOV.N,ECL.N,ED.N,EMR.N,ESS.N,EXPD.O,FRT.N,GD.N,GPC.N,GWW.N,HRL.N,IBM.N,ITW.N,JNJ.N,KMB.N,KO.N,LIN.N,LOW.N,MCD.N,MDT.N,MKC.N,MMM.N,NDSN.O,NEE.N,NUE.N,O.N,PEP.O,PG.N,PNR.N,PPG.N,ROP.O,SHW.N,SJM.N,SPGI.N,SWK.N,SYY.N,TGT.N,TROW.O,WBA.O,WMT.N,WST.N,XOM.N
ABBV.N,6.393370962189597e-05,1.2836208360692183e-05,1.8465028283340734e-05,3.336932369128011e-05,6.41166841617434e-05,2.181386284688374e-05,3.0045724514717265e-05,2.7182045718515946e-05,3.630493777594649e-05,1.1213127776107609e-05,3.8148889278107174e-05,1.3863006145945799e-05,3.666872504645476e-05,3.7459408971034936e-05,7.864213835331734e-05,3.2187488773835765e-05,3.922278613683395e-06,-3.7960655383371074e-06,3.5286922180365125e-05,5.6076091712877e-05,-5.197257424200455e-05,5.043502489852735e-05,6.187607824141189e-05,4.69531327321223e-05,3.798989082203509e-05,2.0066201800768615e-05,5.432623575767819e-05,3.4276756272298903e-05,2.525779066594734e-06,6.296398045550582e-05,6.291860980560569e-05,4.113609238309512e-05,6.650125475855264e-05,2.831696296664472e-06,2.9119868940206356e-05,3.783798676584474e-05,2.4114679866331682e-05,3.2505884046905344e-06,2.515526572983752e-05,1.0077362294466812e-05,5.381067551565654e-05,4.523064566298687e-05,4.875622091047537e-05,-2.5037876923419626e-05,1.9260108138429308e-05,2.5453088946436078e-05,1.4003521944643298e-05,4.927001468224033e-05,2.09803026281054e-05,1.3905141022667597e-05,-1.1863563882353237e-05,2.2124682571161593e-05,1.2670077361350643e-05,2.7901857849596835e-05,7.1795090891359554e-06,1.3171186444724402e-06,8.477135635647792e-06,2.4465705034591527e-05,4.3786963583109066e-05,3.172341356257616e-05,4.0606952324838594e-05,3.0219132905707073e-05,1.1098988773530947e-05,1.067004384766056e-05,8.163500644450914e-05
ABT.N,1.2836208360692183e-05,6.197524653040868e-05,1.6266471245585844e-05,1.0760448701013533e-05,4.813109657909556e-06,-2.6554525435786982e-05,2.596794967270738e-05,-1.0659806565995185e-05,8.354073854336206e-06,4.657688988528304e-06,9.484794937508451e-06,8.601797446325773e-06,2.891886039070007e-06,-2.5983852650697997e-05,1.9993334817723056e-05,-2.8732852068861864e-05,2.6426442415748527e-05,2.7258136040287432e-06,-7.371493147265989e-06,1.972186224235318e-05,-1.7500944323183135e-05,5.0528012364090046e-05,-1.6116069488412072e-06,-1.3176063837350522e-05,-3.4585882534765427e-06,5.488293121109396e-06,8.856500221653667e-07,-3.6120356157841903e-06,1.3085933068769163e-05,2.664570538410816e-06,-2.3283672932861547e-06,2.691421725304827e-05,2.090679542555074e-05,1.8935615667044968e-05,-3.935301051813552e-06,-5.946973859284817e-06,1.2120195956289533e-05,2.171315076419175e-05,-1.0087799814268318e-05,-8.047769355360162e-06,3.380241393927049e-05,-1.2083741319863283e-05,9.383248481417689e-06,1.9446419112062035e-05,-5.231514612899596e-06,2.7293808957823865e-06,3.4656427003526056e-06,-3.468297497355825e-06,8.673254391953687e-07,7.4384210374532895e-06,1.962297214436805e-05,-1.3856518418491605e-06,1.4025964463672662e-07,1.0743192778295543e-05,2.916462092578706e-05,2.6998589394430205e-05,-6.196795533455738e-06,7.759701080587308e-06,1.7952976690680565e-05,2.4951023526923267e-05,1.6605179328566653e-05,1.4957576224130185e-05,9.996846441410819e-06,2.9791243747309337e-05,-2.9179898128239256e-06
ADM.N,1.8465028283340734e-05,1.6266471245585844e-05,0.00012566411856397152,5.87708104215056e-05,0.00012217604739156581,0.0001426370599546295,9.174373461876239e-05,4.618688940176484e-05,3.302507458717999e-05,1.650288021000306e-06,0.0001651954018492393,4.3255169231655014e-05,6.382507222639576e-05,4.612492560621586e-05,0.00010109307607593314,9.828986062440018e-05,2.3598816261857673e-05,5.06447286918402e-05,0.00015494499506151527,1.360958251754053e-05,-8.082611239935206e-05,2.777973793136347e-05,0.00010668699372352557,7.555952708158066e-05,6.199933301379654e-05,2.6298425383926344e-05,0.00010629020975494224,4.6147133241440576e-05,3.889555610315343e-05,0.00012042756558696305,8.058074307801174e-05,0.0001082777504343229,6.51907669915606e-05,1.765395942016315e-05,5.9196462999768286e-05,6.198100123924184e-05,1.9192840921246067e-05,1.4087952000083758e-05,2.6332836058136887e-05,5.450801380715666e-05,4.570436048262031e-05,5.4402680493843504e-05,6.328672661245894e-05,8.501799163574733e-06,5.680611658946262e-05,4.2700564805103824e-05,4.984954239897581e-06,0.00019397017687978427,3.9301914898024983e-05,8.077392513132198e-06,2.246565061240557e-05,0.00011182991328277736,4.837618365653358e-05,3.111823005582981e-05,1.670578864309951e-05,3.173767912777621e-05,2.122582955799679e-05,9.518165898088024e-05,0.00010953566393228789,4.010821456727264e-05,8.950679876198508e-05,5.6886652677122984e-05,1.4963641460862657e-05,4.744481918244427e-05,0.00012070805560128726
ADP.O,3.336932369128011e-05,1.0760448701013533e-05,5.87708104215056e-05,7.480700940370945e-05,8.992947248535774e-05,4.316616720346994e-05,8.108511020700558e-05,3.695912110030493e-05,5.4815338984631085e-05,4.278201804156791e-06,9.531133282947151e-05,3.537131688206721e-05,5.287693622960687e-05,1.2470103506242478e-06,6.945534501083806e-05,8.495313672551781e-05,1.12805352818445e-05,4.408451310501063e-05,8.6324086563923e-05,1.9234289454077676e-05,-0.00010961678239364598,1.782489530803883e-05,7.21431035189018e-05,7.116926782169251e-05,5.5371891045740816e-05,4.110361321096924e-05,9.797904343539615e-05,4.265761146466856e-05,2.3572673865220566e-05,0.00010935030697536408,6.044983661932534e-05,9.151384723994453e-05,5.4006106161726014e-05,1.7498231219961113e-05,4.556390652624591e-05,5.885706784130442e-05,2.887454712478518e-05,1.430504888663982e-05,4.002784914808126e-05,5.494912407264552e-05,6.313163881297294e-05,5.137099101077908e-05,4.7003828555306346e-05,5.966986577995104e-07,5.586156184099617e-05,4.3339246457092506e-05,2.7087869257442258e-05,0.00010279230473084336,4.396666323893928e-05,2.3011705214825024e-05,4.14781366054775e-05,9.606385257741937e-05,5.443688964019791e-05,4.541027749165286e-05,2.1603080840488068e-05,2.8038069898027963e-05,2.7245336994482034e-05,7.667871329557495e-05,5.724278134994626e-05,4.4070977510581e-05,7.447629917482728e-05,3.193487418950237e-05,2.756254169135142e-05,3.143038925319074e-05,7.520905189057503e-05
AFL.N,6.41166841617434e-05,4.813109657909556e-06,0.00012217604739156581,8.992947248535774e-05,0.0002098147457421668,0.0002105884648473277,0.00013703766273330775,8.29414873172903e-05,5.932571912066802e-05,-2.182155444180535e-05,0.00022977339367575826,6.113938675368466e-05,9.192089189008833e-05,2.4711837658687393e-05,0.00016614100482981935,0.0001587948975965994,-4.794641204430721e-06,6.843037932027453e-05,0.00020813795241650672,4.6168535371945895e-05,-0.0001460510224862502,8.169826070224265e-05,0.00016669602110292033,0.00015430490482548414,8.894629628094384e-05,2.4796952102659325e-05,0.00017773576911973547,8.926864279689465e-05,6.1022696978370735e-05,0.000229809315510986,0.00014479921608572102,0.00015413271994697502,0.0001287479594013655,-5.064918273716019e-06,8.842286736454702e-05,0.00010939832422615054,3.773080001765476e-05,1.7795930160149035e-06,5.5968085180174685e-05,8.04791132956057e-05,8.397077279178926e-05,9.068814895542812e-05,9.322298146168274e-05,-3.176786464246934e-05,8.482842247690796e-05,8.934204159436097e-05,1.3761262208231677e-05,0.00020706049370514977,6.795112937798706e-05,3.346543348303692e-06,1.1995889285025497e-05,0.00014294787529589058,2.408528324258597e-05,7.012701595576769e-05,6.002379073760695e-06,-9.566348632554728e-09,7.420409320921239e-05,0.00013501836848249347,0.0001735023763061011,7.650285058827318e-05,0.00015157522795616806,7.434229919316136e-05,2.7091922348542288e-05,6.964599134197214e-05,0.00019379138207747823
ALB.N,2.181386284688374e-05,-2.6554525435786982e-05,0.0001426370599546295,4.316616720346994e-05,0.0002105884648473277,0.0006304450002842637,5.902895568193578e-05,7.471138630935898e-05,4.2024522206885115e-06,-0.00016543141810344017,0.00036053416055891645,3.622906059211001e-05,8.151668025129801e-05,-0.00025180418375481665,0.00022750067441414728,0.0001485900091079248,-4.7276471163862936e-05,-3.195189461243189e-05,0.00024249948947443353,-5.228209577232664e-05,-0.00010709102493439852,5.1013341608955405e-05,0.00021525198829871542,0.00019984486181074464,5.322301525155924e-05,-6.114936120548926e-05,0.00020265029174909878,5.058593535773213e-05,6.977226606411077e-05,0.0002926946352575101,0.00012417867847411247,6.129105475080486e-05,8.101878282158128e-05,-8.459220759789979e-05,6.907455487677553e-05,6.414918875476846e-05,-3.3007994563463043e-06,-8.563932722040477e-05,-3.916436584608876e-06,8.162189434771073e-05,7.973917843246173e-05,7.512263199654767e-05,3.373645709880249e-05,-8.175351633427811e-05,6.192096136145132e-05,9.896248709110999e-05,-4.8739946781579225e-05,0.0002308971864338961,5.370790184351764e-05,-6.80966570606442e-05,-6.904936498508863e-05,2.929227911348266e-05,-5.2574843955222705e-05,3.541924828182676e-06,-6.426418339379651e-05,-8.073238100370382e-05,8.40997935301504e-05,0.0001651243889679706,0.0002382197513464345,6.759085480296776e-05,0.00022369926459910914,0.0001298186770223611,3.174541645531335e-05,7.295024342040806e-05,0.00025902993652235574
AOS.N,3.0045724514717265e-05,2.596794967270738e-05,9.174373461876239e-05,8.108511020700558e-05,0.00013703766273330775,5.902895568193578e-05,0.00015510832639488868,5.5538349941242246e-05,3.7804640864780974e-05,-5.656373240484077e-07,0.00015716732105047304,5.6874168919495604e-05,4.252349049155552e-05,6.587968925395294e-05,9.952726137490647e-05,0.00012189090331971846,-7.081645431846099e-06,9.170212434234688e-05,0.00013089484928088544,1.1244683693549118e-05,-0.00018223578937308425,4.2927972142119867e-05,0.00010376711102167545,0.00011110403304408059,6.572409568653785e-05,1.5917051702595422e-05,0.00013098203669824587,6.05814298920489e-05,5.902848994185153e-05,0.00014033434185428665,9.368191619450611e-05,0.00014065620340029006,9.093053618879428e-05,9.86475630047072e-07,7.741360560570451e-05,8.9819204116159e-05,4.127653425122686e-05,5.997202382681884e-06,3.583009995936974e-05,7.765166379988486e-05,4.905906682657414e-05,4.962489319582803e-05,6.501466662403666e-05,-8.773024053142384e-06,8.385888498097424e-05,6.683993559383281e-05,8.692247715276933e-06,0.00015561428926566794,5.535936144061075e-05,1.598519640552602e-05,4.303407891580507e-05,0.00015290146235123658,1.8337438147940778e-05,6.783505503915768e-05,2.4858904418140028e-05,6.934194155677513e-06,3.930764802258533e-05,0.00011254228872626315,0.00010708503588074845,6.811863353655532e-05,0.00010816412799353334,5.253289917364918e-05,2.5143874082472675e-05,4.187927748873783e-05,0.00011552833083940482
APD.N,2.7182045718515946e-05,-1.0659806565995185e-05,4.618688940176484e-05,3.695912110030493e-05,8.29414873172903e-05,7.471138630935898e-05,5.5538349941242246e-05,0.00018306625749669694,1.2938989152394857e-05,2.30335463392167e-05,2.7589412777200898e-05,2.7198075917560852e-05,3.281694696118319e-05,1.7809235349920052e-05,5.130078229541915e-05,6.29931805804082e-05,-1.598512968397267e-05,6.326638489018335e-05,6.63345542973241e-05,-8.68094120126427e-06,-0.00012123128822694473,3.630236198093126e-05,9.777721440747486e-05,0.00010744023317599066,6.570669234422054e-05,-3.862051563313935e-06,9.675585109081546e-05,8.047931439164323e-05,6.524969821305223e-05,0.00014452190609874776,8.653842106544896e-05,6.41598427157765e-05,4.205119905441598e-05,-3.635874221155174e-05,8.975606723852174e-05,4.5977944654351416e-05,1.78314938865395e-05,-2.2327927819194075e-05,2.6419075509455306e-05,8.77828475961027e-05,8.027064618153878e-05,7.173691063911586e-05,8.897975047611982e-05,-2.4330963053162417e-05,4.936701187038775e-05,7.237314411825045e-05,1.4716859632748458e-05,2.4845847189138883e-05,3.8444206459639546e-05,1.0162232385044784e-05,3.2965477740341713e-07,8.057699654804113e-05,6.664357293277462e-06,5.1081925364143284e-05,8.823716771355565e-06,-2.05748322847912e-05,7.143860814125251e-05,6.937964767653289e-05,8.074597602917503e-05,2.3001814861398496e-05,5.377025284776771e-05,1.7739885963239608e-05,1.6628129519108936e-05,4.48182919004915e-05,8.450402504099521e-05
ATO.N,3.630493777594649e-05,8.354073854336206e-06,3.302507458717999e-05,5.4815338984631085e-05,5.932571912066802e-05,4.2024522206885115e-06,3.7804640864780974e-05,1.2938989152394857e-05,0.00012676198612318357,-1.646046919527477e-05,4.953347656922815e-05,5.0618707028319655e-05,8.141473690920713e-05,-0.00011248637270976272,5.5367278823778065e-05,7.450939505723866e-05,4.4217746592641246e-05,1.6011585466006723e-05,6.952523134599558e-05,8.942391224372446e-05,1.3357733493616313e-05,3.891887712334897e-05,1.0754878232887036e-05,3.237032234710802e-05,5.160164030486767e-05,9.892772926491518e-05,5.586382941794052e-05,7.049454716764048e-05,-2.4002864624617804e-05,0.00014136427853610317,6.02756671313468e-05,6.8479244562475e-05,6.163987348376515e-05,6.17711102718535e-05,2.1885421297440278e-05,3.1103578120926406e-05,1.9114215795033048e-05,3.260638927293366e-05,3.459799192966765e-05,-2.413322599483609e-06,3.888594279411244e-05,6.155448952050847e-05,3.551451112471785e-05,4.542373497325197e-05,3.1776593799412285e-05,2.3357793700625345e-05,7.977568036004723e-05,-2.3861456738655375e-05,5.7508869973780385e-05,2.312205941502337e-05,2.4608078349776095e-05,7.344888147731019e-05,3.485515391143765e-05,3.554016091212408e-05,1.4426059779867209e-05,4.717382169343669e-05,1.8010164160513815e-05,3.954841208515542e-05,6.827534370356328e-05,7.017028703940604e-06,5.915467198982024e-05,-6.610776133763225e-06,3.4682475197569605e-05,2.8396339664245232e-06,2.358458194792203e-05
BDX.N,1.1213127776107609e-05,4.657688988528304e-06,1.650288021000306e-06,4.278201804156791e-06,-2.182155444180535e-05,-0.00016543141810344017,-5.656373240484077e-07,2.30335463392167e-05,-1.646046919527477e-05,0.0001655850497066701,-7.037465531331095e-05,-3.069374753398076e-05,7.909236828313474e-06,0.000347852049759431,-4.488957434029606e-05,1.1330157017657249e-06,2.6107503422550424e-05,-5.430888069709936e-06,-1.233412844880465e-05,-1.8761514295835986e-05,2.7867196169546742e-05,4.373135442423086e-06,-2.91654860504845e-05,8.388846026230709e-06,1.7943121237898573e-05,2.599212238798819e-05,-1.205448730040357e-05,-4.391857355714779e-06,9.197574323142136e-06,-0.00012153803437356639,8.965031744242958e-06,1.6236464517782622e-05,-1.983855816756655e-06,1.7361001469178995e-05,3.5385848363850094e-06,4.9588216113949905e-06,3.925903016372869e-06,2.482392317401587e-05,-1.4640042082483644e-05,2.3155882324624097e-05,3.945376395028605e-06,1.6638222456490914e-05,4.010701260041778e-05,4.286284160990341e-06,-2.3235975091757715e-05,9.246581553467417e-06,1.6799683438800957e-05,7.108017659751738e-05,-8.851793189360983e-06,8.493815856840123e-06,1.5172540170709836e-05,6.043849481632397e-05,1.9027259291954416e-05,1.9731299041704646e-05,3.260761159267142e-05,3.1388568335759624e-05,2.0918726349934472e-05,-3.4607344239452816e-05,-5.7429775963536293e-05,-1.038629728292686e-05,-3.655727714093324e-05,-4.064879385789882e-05,-3.942446963230124e-05,7.164160219890027e-05,-4.0819370841507394e-05
BEN.N,3.8148889278107174e-05,9.484794937508451e-06,0.0001651954018492393,9.531133282947151e-05,0.00022977339367575826,0.00036053416055891645,0.00015716732105047304,2.7589412777200898e-05,4.953347656922815e-05,-7.037465531331095e-05,0.0004624644834284217,8.234731378022319e-05,9.568777286522112e-05,-1.259821562264697e-05,0.00023656245478584232,0.00021067747291354731,-3.8078475394371476e-05,6.384355523424915e-05,0.00024527517725146187,1.0068923416994797e-05,-0.00024232959818085072,9.033204680141179e-05,0.00020737099947493057,0.00016789954405658643,7.153675855376742e-05,2.5813547336163963e-05,0.00019446119799104006,5.891069085992699e-05,4.705845335399608e-05,0.0002457001030849585,0.00012781289455227694,0.00016147017961780087,0.00011492004978086872,-3.615249734489769e-05,0.00010979624182640129,0.00011341233905278088,4.743275252652164e-05,-3.377787384347467e-05,8.326058771855243e-06,8.613822231393505e-05,7.149772886860386e-05,5.014889196563373e-05,6.292672067770199e-05,-4.043947853715661e-05,0.0001002736521720061,8.078394955863012e-05,-1.0460129209455298e-05,0.00035799868058721836,8.466116308301383e-05,-7.250754352966975e-05,5.268635354971618e-06,0.00016111324662067522,6.328130478735928e-05,3.809236591320075e-05,7.24614129944949e-07,-1.8273666489633966e-05,6.0128107612350926e-05,0.00019240807382358554,0.0002017262513455767,8.861445436675118e-05,0.0002637881928129074,0.00013398685611629336,2.4135880302677404e-05,6.787683724713596e-05,0.00025975237595272883
BFb.N,1.3863006145945799e-05,8.601797446325773e-06,4.3255169231655014e-05,3.537131688206721e-05,6.113938675368466e-05,3.622906059211001e-05,5.6874168919495604e-05,2.7198075917560852e-05,5.0618707028319655e-05,-3.069374753398076e-05,8.234731378022319e-05,6.989441372440852e-05,3.5706689571277405e-05,-3.772376136123683e-05,6.159205668133538e-05,6.179864851188098e-05,3.6478755726516603e-06,3.964238790710007e-05,5.236189007602277e-05,3.555310750182084e-05,-4.3722930807638085e-05,3.171525390098756e-05,4.9808869567428346e-05,5.1979615699899496e-05,3.539497322651032e-05,2.806374757842599e-05,6.126684584860469e-05,6.417743431393298e-05,1.7936154230046827e-05,0.00012653766800045562,4.992415382793294e-05,8.096538299050484e-05,4.847642054371896e-05,1.426713602689455e-05,4.008289961793646e-05,3.116587179738559e-05,2.6255470758664674e-05,-9.742155248865158e-07,3.376235757092193e-05,2.4815252137624983e-05,2.0546733478535148e-05,3.866637715149284e-05,4.790584619369723e-05,1.5215727366543248e-05,5.472128511908043e-05,3.317022575634569e-05,1.3667334564748665e-05,3.3483653291118784e-05,4.6621947311787715e-05,6.502372312527335e-06,1.8114802468916406e-05,5.95212154151235e-05,1.0814283378234678e-05,3.3891726401346766e-05,-8.80400881099608e-07,1.2973987691111013e-05,-2.0669860398293238e-06,5.2608932937527126e-05,8.729901266927822e-05,2.4525070564629626e-05,6.27917803829759e-05,3.173320830131811e-05,2.1792061643688862e-05,-3.514017955944942e-05,5.5526072933504894e-05
BRO.N,3.666872504645476e-05,2.891886039070007e-06,6.382507222639576e-05,5.287693622960687e-05,9.192089189008833e-05,8.151668025129801e-05,4.252349049155552e-05,3.281694696118319e-05,8.141473690920713e-05,7.909236828313474e-06,9.568777286522112e-05,3.5706689571277405e-05,9.741877568753658e-05,-9.69099676212014e-06,7.069406912590727e-05,9.649256833382106e-05,4.62728407024851e-05,2.549162112016688e-05,0.00011565127792407809,5.7693372701972655e-05,2.540148415593275e-05,6.599463932437098e-05,3.620153621126813e-05,7.716947265507413e-05,6.948463434118121e-05,7.018987427983443e-05,8.802112119377183e-05,6.551091290115601e-05,2.493919797484145e-05,0.00013546621363824855,7.161490567936882e-05,8.89306254600958e-05,7.034457045715137e-05,4.157414023806279e-05,2.8748806367877232e-05,4.449363017152224e-05,1.8865600494938825e-05,3.072773264523663e-05,3.7394648718883104e-05,4.393227989930784e-05,6.529751188723855e-05,8.60902900470056e-05,4.964788530808192e-05,2.5403054596220896e-05,3.58826356206708e-05,3.9617982766941045e-05,4.8239046339667485e-05,7.39042552044677e-05,5.9746281360087884e-05,1.5794180549994614e-05,2.2401583207300163e-05,6.328207796068291e-05,3.1139752611142876e-05,4.484696755877142e-05,1.1322572842215055e-05,3.581133629028744e-05,4.0206174137439244e-05,7.425779875265693e-05,9.054438313219865e-05,3.6079124916842784e-05,8.086378127219345e-05,1.232678476284187e-05,2.2822525359578617e-05,4.1867547114793334e-05,4.944093348749969e-05
CAH.N,3.7459408971034936e-05,-2.5983852650697997e-05,4.612492560621586e-05,1.2470103506242478e-06,2.4711837658687393e-05,-0.00025180418375481665,6.587968925395294e-05,1.7809235349920052e-05,-0.00011248637270976272,0.000347852049759431,-1.259821562264697e-05,-3.772376136123683e-05,-9.69099676212014e-06,0.001137436742339261,-1.6088425797591948e-05,0.00010286585207939906,-2.3857269609382405e-05,5.234972885809011e-05,6.19782197535084e-05,-7.233764148370648e-05,-6.430579677430081e-06,8.926822159891666e-06,3.6503450649128506e-07,0.00011509061805417115,5.156593412782996e-05,-2.0961983635639335e-05,4.153705790654835e-05,2.9490896694613517e-05,9.534272664726226e-05,-0.0003215885870140639,8.696556935564842e-05,9.949404477659269e-05,5.696232180517812e-05,-1.9691134853748392e-05,5.2933419290083776e-05,7.228105091929933e-05,2.7273960237989218e-05,-5.536818392989027e-06,-1.3055631933430583e-05,7.475200998769771e-05,2.1410605812063745e-07,2.1339920196534643e-05,0.00011614445780072953,-5.711517681619257e-05,2.326834344901316e-05,9.045007334508874e-05,-2.9450848384549906e-05,0.00035520231603150955,-1.7944023785750865e-05,-2.954264280801275e-06,-1.676361247970489e-05,0.000122172234400144,-8.158909808780445e-06,5.669130912075791e-05,3.0247582956187538e-05,-3.1010848501344027e-06,2.5902425766139423e-05,-2.586133666716497e-05,-9.911045502687948e-05,1.7619337828945857e-05,1.2984726081273037e-05,-2.1336500268663338e-05,-0.00012225135006845204,0.00010520818535109865,3.250048652049633e-05
CAT.N,7.864213835331734e-05,1.9993334817723056e-05,0.00010109307607593314,6.945534501083806e-05,0.00016614100482981935,0.00022750067441414728,9.952726137490647e-05,5.130078229541915e-05,5.5367278823778065e-05,-4.488957434029606e-05,0.00023656245478584232,6.159205668133538e-05,7.069406912590727e-05,-1.6088425797591948e-05,0.00020292915724538836,0.00011695841250899918,-1.4829580907162542e-05,1.0610300969518517e-05,0.00014104114853031205,5.6533994531202355e-05,-0.0001761527982767437,7.175372595073747e-05,0.00016987766633028083,0.0001342777408896463,6.666262717212162e-05,1.4311043582905889e-05,0.00014391846263496732,6.78585365009752e-05,2.116623485562674e-05,0.00019400028980140257,0.00012613400507349173,0.00010985872982175512,0.00012590030428324153,-1.597007129321736e-05,8.767788665183711e-05,8.719375015532427e-05,3.981701279278019e-05,-2.3092684817328958e-05,2.43606105490386e-05,3.81122612957036e-05,8.108272691137482e-05,6.821580343405169e-05,7.848468796049475e-05,-4.467297762204208e-05,7.14856284278804e-05,6.443088439675935e-05,-3.425048531004545e-06,0.00019181653318120617,5.9502663576958194e-05,-1.301522057588869e-05,-2.287380812483877e-05,8.819167612810599e-05,8.452542291119895e-06,4.0807529027044425e-05,-4.003270276699833e-06,-8.729450182641893e-06,1.7663196997982407e-05,0.00011380682636260202,0.00015554741852871282,6.769050290881073e-05,0.0001527339546729164,0.0001026354093560442,2.7705479150477182e-05,9.447680530630672e-06,0.00021402887167799455
CB.N,3.2187488773835765e-05,-2.8732852068861864e-05,9.828986062440018e-05,8.495313672551781e-05,0.0001587948975965994,0.0001485900091079248,0.00012189090331971846,6.29931805804082e-05,7.450939505723866e-05,1.1330157017657249e-06,0.00021067747291354731,6.179864851188098e-05,9.649256833382106e-05,0.00010286585207939906,0.00011695841250899918,0.0002407584689120537,-1.5309157653116943e-05,7.448653830614702e-05,0.0002195337235172048,-1.4523802588892232e-05,-0.0001388925588922712,0.00010153964349736895,9.742841774575107e-05,0.00020826572237822341,0.0001035283122208362,5.3127679347872093e-05,0.00017761016278057017,0.00010776000740395393,4.767907336242604e-05,0.00023300944072383054,0.00013840822940380505,0.0001470020644477078,7.815373977368886e-05,4.797643437485697e-06,8.23324130444498e-05,0.00010796103397818351,3.9821629076132423e-05,-4.974636598682362e-06,4.9952503531711605e-05,9.948221065443391e-05,5.5117352735362296e-05,9.7748328318148e-05,0.00010650293210474563,-1.375643681539929e-05,9.056357162050982e-05,9.339541127980509e-05,3.578342831759512e-05,0.00014318338386099858,9.988215513515906e-05,2.5345997188546697e-06,3.104148030164461e-05,0.00017336213057358201,1.4318164890130932e-06,7.97714032729986e-05,-1.0691170759703724e-06,-6.320687125692554e-06,8.07059018058991e-05,0.00012959584124231613,0.00012486749604322168,3.738333941043401e-05,0.00017851715129128516,5.331392940099436e-05,2.050497075953429e-05,1.4577560346528122e-05,0.00012146023158102034
CHD.N,3.922278613683395e-06,2.6426442415748527e-05,2.3598816261857673e-05,1.12805352818445e-05,-4.794641204430721e-06,-4.7276471163862936e-05,-7.081645431846099e-06,-1.598512968397267e-05,4.4217746592641246e-05,2.6107503422550424e-05,-3.8078475394371476e-05,3.6478755726516603e-06,4.62728407024851e-05,-2.3857269609382405e-05,-1.4829580907162542e-05,-1.5309157653116943e-05,8.635411702557981e-05,3.977947376216342e-06,1.827990497278261e-05,5.476705592885025e-05,9.018562661988394e-05,2.793973434337948e-05,-5.3059227022348655e-05,-2.4709353491210387e-05,2.373353625550186e-05,5.0143791962973985e-05,-9.478228758560798e-06,1.180985143421182e-05,7.170431969241676e-06,-1.7076051586701585e-06,-8.402664579013334e-06,3.027987612230947e-05,2.6016595086056878e-05,6.593725887653921e-05,-2.089948488920595e-05,1.0672274318248153e-06,1.075862111349492e-06,6.924120249986866e-05,9.965973931226242e-06,-1.0044025947437172e-05,2.606690256109825e-05,2.3467299380246567e-05,1.3812244625723456e-07,6.562773075591262e-05,1.0290470885289824e-06,-8.847068514066147e-06,4.0717889349393286e-05,9.208837239707871e-06,1.7902070596548974e-05,3.608377948207852e-05,4.252602659087731e-05,2.4337422935835266e-06,2.1078277237810444e-05,8.674147664263404e-06,2.4126436882635296e-05,8.421061257948538e-05,-9.094877565640225e-06,1.2677241926709486e-05,9.129592067009515e-06,1.8371441092218036e-05,-2.9598068961802235e-05,-1.4005528886391036e-05,1.9298193006028163e-05,3.683113387225615e-05,-5.772792124918991e-05
CHRW.O,-3.7960655383371074e-06,2.7258136040287432e-06,5.06447286918402e-05,4.408451310501063e-05,6.843037932027453e-05,-3.195189461243189e-05,9.170212434234688e-05,6.326638489018335e-05,1.6011585466006723e-05,-5.430888069709936e-06,6.384355523424915e-05,3.964238790710007e-05,2.549162112016688e-05,5.234972885809011e-05,1.0610300969518517e-05,7.448653830614702e-05,3.977947376216342e-06,0.00016389850247434492,9.45344403986579e-05,3.5777856398602885e-05,-9.407111957707128e-05,-3.552499299133892e-06,3.138381147691187e-05,4.616177938213034e-05,3.766852212981723e-05,2.0157388518621294e-05,5.13362281749435e-05,5.294375439991077e-05,7.49533452111355e-05,6.271174304157543e-05,3.296898428518011e-05,0.00011742722833395862,5.458661039636688e-05,2.3844836010148282e-05,6.392628067005287e-05,6.334356393423077e-05,3.240832037280114e-05,2.7719146178092183e-05,5.8582618905070425e-05,3.788749986325116e-05,5.130949606229025e-05,3.052134147925787e-05,3.504598045831181e-05,2.533866880064376e-05,8.780083280520602e-05,4.169571416627783e-05,1.6951023658581764e-05,6.163042518623619e-05,2.859698696150054e-05,4.1186449745440164e-05,5.457083927671024e-05,7.538762449174349e-05,4.7706338794813554e-05,5.151836421386404e-05,2.1522956358399874e-05,3.541020527786426e-05,3.612167033108587e-05,0.00010612187951368463,2.7924685063582124e-05,4.9993526110786806e-05,4.30950805305819e-05,1.173714925696855e-05,2.7615475898531583e-05,1.8751509664673475e-05,3.249797551213165e-05
CINF.O,3.5286922180365125e-05,-7.371493147265989e-06,0.00015494499506151527,8.6324086563923e-05,0.00020813795241650672,0.00024249948947443353,0.00013089484928088544,6.63345542973241e-05,6.952523134599558e-05,-1.233412844880465e-05,0.00024527517725146187,5.236189007602277e-05,0.00011565127792407809,6.19782197535084e-05,0.00014104114853031205,0.0002195337235172048,1.827990497278261e-05,9.45344403986579e-05,0.000316938946605262,3.260116537657897e-05,-5.543054371697066e-05,9.465433228198037e-05,0.0001579249317874219,0.00016568587055056628,0.00010163883513374144,3.985536848581467e-05,0.00017834709522289067,9.729047367893948e-05,7.329490627062026e-05,0.00024144858751695296,0.0001446146225372576,0.00017234067006088259,9.731996115642532e-05,3.2995431317015034e-05,8.37834361423053e-05,0.00010806402644122974,2.7672376318326603e-05,1.7682290665988994e-05,6.172677225305705e-05,6.921756481795707e-05,7.512668786326674e-05,0.00010628500030173817,0.00010735792534558547,-4.478898768587134e-06,8.624332602677866e-05,9.973083964244407e-05,2.438416675150402e-05,0.00020086022149934775,7.463384964275084e-05,1.9901495099933566e-05,3.688936746738885e-05,0.00015242710711648255,3.18361767745351e-05,5.849160113509117e-05,7.5817167946653735e-06,2.6748283069448038e-05,9.302795587450237e-05,0.00016475143564123962,0.00016589016205969566,4.780782335178873e-05,0.0001688735709760503,7.749768454325736e-05,2.2869082786081742e-05,7.402768841478908e-05,0.00018985464629779858
CL.N,5.6076091712877e-05,1.972186224235318e-05,1.360958251754053e-05,1.9234289454077676e-05,4.6168535371945895e-05,-5.228209577232664e-05,1.1244683693549118e-05,-8.68094120126427e-06,8.942391224372446e-05,-1.8761514295835986e-05,1.0068923416994797e-05,3.555310750182084e-05,5.7693372701972655e-05,-7.233764148370648e-05,5.6533994531202355e-05,-1.4523802588892232e-05,5.476705592885025e-05,3.5777856398602885e-05,3.260116537657897e-05,0.00018251608738231533,8.046060100704521e-05,3.841115210799602e-06,2.0342735688131914e-05,-6.347201376128621e-05,1.8884762265575548e-05,6.957702936762312e-05,-1.9888417450734838e-05,4.108355328852969e-05,-1.9287673374601688e-05,3.625705196192547e-05,2.5835574870026323e-05,5.297348591086512e-05,9.343601656295093e-05,7.612834057574104e-05,2.1722169853649188e-05,2.0211711991351883e-05,9.43647831133937e-06,5.100803297027002e-05,3.979929943812693e-05,-6.950194888109078e-05,4.205446086423835e-05,3.447318541357459e-05,-5.356892940427489e-06,4.34038431979766e-05,1.9114150321676114e-05,-8.45438829501219e-06,4.970159844968737e-05,-1.6058016696736422e-05,1.3982794120185303e-05,3.548560492630296e-05,3.5420194715031475e-06,-2.8074877230080154e-05,5.1154830641845554e-05,4.690189403175028e-06,1.635076748970482e-05,6.326948775125667e-05,-2.7909513765797588e-05,3.298870684983042e-05,4.050197928092883e-05,2.084119869508055e-05,-1.154963902129206e-05,-1.8827596235597655e-06,2.3169929984550046e-05,-2.0316599776023565e-05,5.051725162381011e-05
CLX.N,-5.197257424200455e-05,-1.7500944323183135e-05,-8.082611239935206e-05,-0.00010961678239364598,-0.0001460510224862502,-0.00010709102493439852,-0.00018223578937308425,-0.00012123128822694473,1.3357733493616313e-05,2.7867196169546742e-05,-0.00024232959818085072,-4.3722930807638085e-05,2.540148415593275e-05,-6.430579677430081e-06,-0.0001761527982767437,-0.0001388925588922712,9.018562661988394e-05,-9.407111957707128e-05,-5.543054371697066e-05,8.046060100704521e-05,0.0006433000037523031,-1.1516673925092555e-05,-0.00017883266945580492,-0.00020496530092488745,-4.9259146076567885e-05,2.8520262868920212e-05,-0.00016490895333934363,-2.7472350361973822e-05,-1.0609885609490642e-05,-0.0001662764613449066,-0.00010784146952660547,-0.00011087172018875214,-9.246041314218566e-05,8.51932049601875e-05,-0.00015155422559097963,-0.00015958689409518182,-7.03836748191054e-05,3.036711105093164e-05,-7.18959886778473e-06,-8.980547817042947e-05,-7.49267800724908e-05,2.252290295422187e-05,-8.786633888519825e-05,8.004335562508127e-05,-0.000131977659679684,-5.933726837532559e-05,2.4361096623241403e-05,-0.0002442337333526498,-5.613589753032664e-05,8.747832626228352e-06,-2.856408339855446e-05,-0.0002415508776516844,-1.9599207173522244e-05,-7.24059032713898e-05,-2.4821377305627417e-05,4.377865201256791e-06,-3.1163242847641796e-05,-0.00013158425868267683,-5.264293237937186e-05,-8.337608499637819e-05,-0.00014581217700124468,-0.0001234206513228754,-5.1240916106398915e-05,-6.590641090972069e-07,-0.0001864973465452236
CTAS.O,5.043502489852735e-05,5.0528012364090046e-05,2.777973793136347e-05,1.782489530803883e-05,8.169826070224265e-05,5.1013341608955405e-05,4.2927972142119867e-05,3.630236198093126e-05,3.891887712334897e-05,4.373135442423086e-06,9.033204680141179e-05,3.171525390098756e-05,6.599463932437098e-05,8.926822159891666e-06,7.175372595073747e-05,0.00010153964349736895,2.793973434337948e-05,-3.552499299133892e-06,9.465433228198037e-05,3.841115210799602e-06,-1.1516673925092555e-05,0.0002985982128173015,6.6265800177850725e-06,0.00013154371981392762,7.147297268751819e-05,2.241318459022906e-05,0.00010063023367835179,8.270535651338708e-05,5.0295873944953175e-05,0.00019729374506500844,9.620366772867799e-05,6.850576815571217e-05,4.466347608251808e-05,-1.2449725383328683e-05,7.746707899307979e-08,3.229665015565056e-05,4.635017786926067e-05,3.048124112435948e-05,8.436947182104512e-06,6.886783659116549e-05,6.519804598082145e-05,4.939487335516862e-05,0.00012178172368967606,2.020583434090937e-06,2.7011540775036016e-06,6.011091106191835e-05,3.244319509614096e-05,-4.756441295633966e-06,7.508761454598397e-05,-1.9228384212782273e-05,2.021835038345255e-05,4.219021450501662e-05,-4.7260196596628325e-05,6.159001488597721e-05,2.1230032632621416e-05,-8.351123857213004e-06,7.483665186016468e-05,2.2625851737442892e-05,0.00011635605422771322,4.247498610251175e-05,0.000128452229063692,5.430183388911445e-05,1.631880863136409e-05,6.224166146169716e-05,1.6790605555352597e-05
CVX.N,6.187607824141189e-05,-1.6116069488412072e-06,0.00010668699372352557,7.21431035189018e-05,0.00016669602110292033,0.00021525198829871542,0.00010376711102167545,9.777721440747486e-05,1.0754878232887036e-05,-2.91654860504845e-05,0.00020737099947493057,4.9808869567428346e-05,3.620153621126813e-05,3.6503450649128506e-07,0.00016987766633028083,9.742841774575107e-05,-5.3059227022348655e-05,3.138381147691187e-05,0.0001579249317874219,2.0342735688131914e-05,-0.00017883266945580492,6.6265800177850725e-06,0.0002532629572358397,9.48945954696964e-05,5.8607195885504245e-05,-2.702178448627138e-05,0.00013944195563277088,4.340850338795869e-05,3.154065377084624e-05,0.00018328995100146781,0.0001107237938640168,9.71928622016187e-05,6.71055075182157e-05,-4.3754193874580474e-05,0.00010552707674605609,7.209752703077567e-05,3.390276248253575e-05,-5.68816339579864e-05,4.47174558390516e-05,5.989035238181493e-05,6.372454768558066e-05,7.527376721918296e-05,9.58923949393596e-05,-8.384392755944844e-05,6.632677029033053e-05,6.12352632285725e-05,-4.3631014130694366e-05,0.00020163079136211216,2.4745865938502108e-05,-5.260886005983448e-06,-1.4185802621304294e-05,9.398719296427822e-05,6.726397082400217e-05,2.1070859023224213e-05,-3.7183777293554085e-06,-4.018394393703965e-05,2.3796270556162385e-05,0.00011274936655850027,0.00013715779212504354,4.323786837131332e-05,0.00011376309824321718,0.00011330915377976156,1.3256477577144741e-05,4.610150445991401e-06,0.0002746128399253468
DOV.N,4.69531327321223e-05,-1.3176063837350522e-05,7.555952708158066e-05,7.116926782169251e-05,0.00015430490482548414,0.00019984486181074464,0.00011110403304408059,0.00010744023317599066,3.237032234710802e-05,8.388846026230709e-06,0.00016789954405658643,5.1979615699899496e-05,7.716947265507413e-05,0.00011509061805417115,0.0001342777408896463,0.00020826572237822341,-2.4709353491210387e-05,4.616177938213034e-05,0.00016568587055056628,-6.347201376128621e-05,-0.00020496530092488745,0.00013154371981392762,9.48945954696964e-05,0.00029193605407231945,0.00010091980350797515,1.3451530435538554e-06,0.00020266780253178442,0.0001122170663007503,8.31245367830352e-05,0.00024648689692637694,0.00015319880779812833,0.00014035891500998698,0.00010573310238028018,-3.942134070311535e-05,8.364922502084061e-05,0.00011297477889105858,5.389963902999794e-05,-2.606238587553652e-05,3.822985643270368e-05,0.00012345554806239225,8.016880580678689e-05,0.00011443740713422546,0.00013460495513837136,-5.063117259981794e-05,9.83021126101953e-05,0.00011654226870654338,5.488485619366502e-06,0.00012801393513643555,0.00010168221623055907,4.879916690911929e-06,3.6694837716254367e-06,0.00016450454816116706,-9.361097376476299e-05,0.00010775399746191964,-2.0458277773144702e-05,-2.9078832345425197e-05,0.00010008536370335426,0.00012631140918656583,0.00014876886588865672,7.47900547935558e-05,0.00017578884777951902,6.589984875266902e-05,2.8416394599477002e-05,3.74150141380146e-05,0.00010915957084528257
ECL.N,3.798989082203509e-05,-3.4585882534765427e-06,6.199933301379654e-05,5.5371891045740816e-05,8.894629628094384e-05,5.322301525155924e-05,6.572409568653785e-05,6.570669234422054e-05,5.160164030486767e-05,1.7943121237898573e-05,7.153675855376742e-05,3.539497322651032e-05,6.948463434118121e-05,5.156593412782996e-05,6.666262717212162e-05,0.0001035283122208362,2.373353625550186e-05,3.766852212981723e-05,0.00010163883513374144,1.8884762265575548e-05,-4.9259146076567885e-05,7.147297268751819e-05,5.8607195885504245e-05,0.00010091980350797515,8.342567550367174e-05,3.837641046870073e-05,0.00010755181272438031,7.00223506216509e-05,4.135009716660547e-05,0.00013485177593558332,8.491668370697798e-05,8.726968742654958e-05,5.759488741931357e-05,9.916561306187819e-06,4.59726311847802e-05,5.694623266030067e-05,3.0733394555841915e-05,1.3984498419559779e-05,4.133101445561881e-05,7.79869013437929e-05,5.89732545424003e-05,8.644074761703145e-05,7.899415714243594e-05,1.1682104355039204e-06,5.1768903514166976e-05,5.0450211414790385e-05,2.90342987189653e-05,9.238200816184111e-05,5.9602786472429875e-05,2.365222952286298e-05,2.5766488606907887e-05,8.548187240393501e-05,2.645436793971071e-05,5.248763447602137e-05,1.1089089087740442e-05,1.2522405497645991e-05,3.3190046220395945e-05,7.083941640125009e-05,8.173559376226996e-05,4.015517697348634e-05,7.232204049752244e-05,3.2594979915475654e-05,2.2172369788887666e-05,2.5566302089995745e-05,6.627167847246681e-05
ED.N,2.0066201800768615e-05,5.488293121109396e-06,2.6298425383926344e-05,4.110361321096924e-05,2.4796952102659325e-05,-6.114936120548926e-05,1.5917051702595422e-05,-3.862051563313935e-06,9.892772926491518e-05,2.599212238798819e-05,2.5813547336163963e-05,2.806374757842599e-05,7.018987427983443e-05,-2.0961983635639335e-05,1.4311043582905889e-05,5.3127679347872093e-05,5.0143791962973985e-05,2.0157388518621294e-05,3.985536848581467e-05,6.957702936762312e-05,2.8520262868920212e-05,2.241318459022906e-05,-2.702178448627138e-05,1.3451530435538554e-06,3.837641046870073e-05,0.00010287962079425425,1.9997218320845172e-05,4.192051465774456e-05,-2.956264644932483e-05,5.9417857021313105e-05,2.8970227779893768e-05,4.984862390519901e-05,3.528524100867823e-05,6.530098627230554e-05,7.514640059025829e-06,1.9361111120201673e-05,1.2013598480114669e-05,4.593270237793001e-05,2.309760430441358e-05,-3.1342374050596456e-06,2.605799421328752e-05,4.0276867494683006e-05,1.9594179425604554e-05,5.517595739407735e-05,1.3361098574211615e-05,-9.499840776690687e-07,7.503003106999919e-05,1.0200685162146614e-06,4.0192645976649454e-05,1.749473829168154e-05,3.061399850782373e-05,6.596735624139398e-05,5.810806489248486e-05,2.5957655073936907e-05,2.525974333223227e-05,5.911909223206354e-05,1.0556811762855903e-05,1.6936215402348958e-05,1.7276239309461416e-05,-3.3874661146635994e-06,2.940765591175011e-05,-2.7844959435606076e-05,1.7599910919237222e-05,1.5749805896303014e-05,-2.1951691370785763e-05
EMR.N,5.432623575767819e-05,8.856500221653667e-07,0.00010629020975494224,9.797904343539615e-05,0.00017773576911973547,0.00020265029174909878,0.00013098203669824587,9.675585109081546e-05,5.586382941794052e-05,-1.205448730040357e-05,0.00019446119799104006,6.126684584860469e-05,8.802112119377183e-05,4.153705790654835e-05,0.00014391846263496732,0.00017761016278057017,-9.478228758560798e-06,5.13362281749435e-05,0.00017834709522289067,-1.9888417450734838e-05,-0.00016490895333934363,0.00010063023367835179,0.00013944195563277088,0.00020266780253178442,0.00010755181272438031,1.9997218320845172e-05,0.00020756729280542119,9.972646194510858e-05,7.779815328380892e-05,0.00024370045068747534,0.00014412865358902843,0.00014539152646595314,9.626241796835117e-05,-2.4776856013835714e-05,7.938906160339642e-05,0.00010005697497225506,4.910773583151934e-05,-1.606383235768921e-05,5.4231388448700245e-05,0.00013040996035417518,9.590417309835845e-05,0.00010926131334925976,0.00011592482891494388,-3.716945801137422e-05,9.302851685796369e-05,0.00010711876042691867,1.6661234329212466e-05,0.00018222116169501804,8.684159048054725e-05,8.745084035406858e-06,2.502416258181393e-05,0.00015085643815354165,8.899600340207372e-06,8.581851440655103e-05,2.52718323778407e-06,-1.6628404848679043e-05,7.843009551915132e-05,0.00012931966168812424,0.00015870105593115069,7.95733541406853e-05,0.0001687284181564446,7.576328261387215e-05,3.4235899911084846e-05,6.295255036043853e-05,0.0001532855353519818
ESS.N,3.4276756272298903e-05,-3.6120356157841903e-06,4.6147133241440576e-05,4.265761146466856e-05,8.926864279689465e-05,5.058593535773213e-05,6.05814298920489e-05,8.047931439164323e-05,7.049454716764048e-05,-4.391857355714779e-06,5.891069085992699e-05,6.417743431393298e-05,6.551091290115601e-05,2.9490896694613517e-05,6.78585365009752e-05,0.00010776000740395393,1.180985143421182e-05,5.294375439991077e-05,9.729047367893948e-05,4.108355328852969e-05,-2.7472350361973822e-05,8.270535651338708e-05,4.340850338795869e-05,0.0001122170663007503,7.00223506216509e-05,4.192051465774456e-05,9.972646194510858e-05,0.00010994598620944208,4.4397234800532555e-05,0.00016864510330784842,9.80402886902735e-05,9.946761935438707e-05,7.335594579236083e-05,1.5211769045927405e-05,5.404006742667531e-05,5.1844197508935477e-05,2.8097262865986355e-05,5.859566156558937e-06,4.5538729591012066e-05,4.9102045680456324e-05,5.6879857977116364e-05,7.373187359913338e-05,8.611019482803459e-05,1.3711645007262412e-05,6.175602517532184e-05,7.351777945093815e-05,4.372552058251823e-05,9.600915166056351e-06,6.715853362718531e-05,1.8109602684762477e-05,1.2073162458823578e-05,7.616943830587653e-05,-1.4796772350171754e-05,6.12353204534826e-05,-2.6939924439556664e-07,9.335491007681653e-06,4.462769950213339e-05,6.164169088080449e-05,0.00010315937666617439,2.6167808679062718e-05,8.685560543978784e-05,1.7893647687887806e-05,2.2399317530326882e-05,-2.8054457546557406e-07,5.3761005872060964e-05
EXPD.O,2.525779066594734e-06,1.3085933068769163e-05,3.889555610315343e-05,2.3572673865220566e-05,6.1022696978370735e-05,6.977226606411077e-05,5.902848994185153e-05,6.524969821305223e-05,-2.4002864624617804e-05,9.197574323142136e-06,4.705845335399608e-05,1.7936154230046827e-05,2.493919797484145e-05,9.534272664726226e-05,2.116623485562674e-05,4.767907336242604e-05,7.170431969241676e-06,7.49533452111355e-05,7.329490627062026e-05,-1.9287673374601688e-05,-1.0609885609490642e-05,5.0295873944953175e-05,3.154065377084624e-05,8.31245367830352e-05,4.135009716660547e-05,-2.956264644932483e-05,7.779815328380892e-05,4.4397234800532555e-05,0.00011002566451547587,5.04508570137917e-05,3.603308490231395e-05,8.233236542032422e-05,4.0559331311776275e-05,-1.6452524026506396e-05,3.270785534558145e-05,3.192381212598211e-05,2.013764030595698e-05,1.22197134792103e-07,2.6604027273606216e-05,7.877997828371125e-05,7.041826796653099e-05,4.503084373376819e-05,3.8216137445099086e-05,-5.553089188537017e-06,5.128689072511966e-05,6.972268035052747e-05,-1.3012886641547762e-05,7.44166154457502e-05,2.741639558512673e-05,1.5770603402533458e-05,2.9021445096647235e-05,1.1450316450715647e-05,-1.3853529023569286e-05,4.5396605814522304e-05,6.498668037610737e-06,-5.132785582853568e-06,4.943698980461766e-05,8.426736473837675e-05,5.830105047520568e-05,6.53834969690823e-05,5.8102815279136384e-05,2.50040812935177e-05,1.0832943958768816e-05,6.135741958137308e-05,2.9120452235930228e-05
FRT.N,6.296398045550582e-05,2.664570538410816e-06,0.00012042756558696305,0.00010935030697536408,0.000229809315510986,0.0002926946352575101,0.00014033434185428665,0.00014452190609874776,0.00014136427853610317,-0.00012153803437356639,0.0002457001030849585,0.00012653766800045562,0.00013546621363824855,-0.0003215885870140639,0.00019400028980140257,0.00023300944072383054,-1.7076051586701585e-06,6.271174304157543e-05,0.00024144858751695296,3.625705196192547e-05,-0.0001662764613449066,0.00019729374506500844,0.00018328995100146781,0.00024648689692637694,0.00013485177593558332,5.9417857021313105e-05,0.00024370045068747534,0.00016864510330784842,5.04508570137917e-05,0.0005084573020386188,0.0001896300818447019,0.00017837525238041148,0.0001133651661860451,-5.7077794768321035e-06,0.00010000422424687987,0.0001065538175606047,6.421679981085604e-05,-1.1796427315720743e-05,9.068579680538458e-05,0.00012183106268165303,9.554025856611772e-05,0.0001614886979220798,0.00016848220746096908,-1.4594854907282437e-05,0.00011183080636589268,0.0001063720546932013,4.5539805915033234e-05,3.531439572478228e-05,0.00014270038484167204,1.1879393197363231e-05,3.090807597962081e-05,0.0001847469571338128,-1.238994645668694e-05,0.00010684368016252596,-1.3567811257500024e-05,-1.758847082293709e-05,0.000102267408934623,0.00016264141766981005,0.0002811956860362973,6.452294709548166e-05,0.0002183225968300759,0.0001012422583968997,8.031148384164508e-05,-6.6529141575473144e-06,0.00019029485143682093
GD.N,6.291860980560569e-05,-2.3283672932861547e-06,8.058074307801174e-05,6.044983661932534e-05,0.00014479921608572102,0.00012417867847411247,9.368191619450611e-05,8.653842106544896e-05,6.02756671313468e-05,8.965031744242958e-06,0.00012781289455227694,4.992415382793294e-05,7.161490567936882e-05,8.696556935564842e-05,0.00012613400507349173,0.00013840822940380505,-8.402664579013334e-06,3.296898428518011e-05,0.0001446146225372576,2.5835574870026323e-05,-0.00010784146952660547,9.620366772867799e-05,0.0001107237938640168,0.00015319880779812833,8.491668370697798e-05,2.8970227779893768e-05,0.00014412865358902843,9.80402886902735e-05,3.603308490231395e-05,0.0001896300818447019,0.0001425285735198325,0.00010740267056270902,0.00010029673555673178,-1.0401809460499825e-05,7.05803057423385e-05,8.206153964583416e-05,3.661387311556762e-05,-1.081633177856556e-05,3.976774917710501e-05,6.494637788634823e-05,5.6668601768008525e-05,8.892643444961198e-05,0.00011293905828249147,-3.086830274040038e-05,6.076275474849027e-05,7.957252878315205e-05,2.6946724130420573e-05,0.00011144993283355343,6.281553660113964e-05,6.360311086193071e-06,-1.2893951218458428e-05,0.00012747244325978023,-1.5772619306612548e-05,6.659312393782144e-05,-1.9196421387710494e-06,-1.6625237022316502e-05,5.944162058909816e-05,7.084252174209814e-05,0.0001320964092550023,3.883036621024325e-05,0.00011817218666819,4.800803670160829e-05,1.5106906778623841e-05,3.6718723713927765e-05,0.00013563388283058456
GPC.N,4.113609238309512e-05,2.691421725304827e-05,0.0001082777504343229,9.151384723994453e-05,0.00015413271994697502,6.129105475080486e-05,0.00014065620340029006,6.41598427157765e-05,6.8479244562475e-05,1.6236464517782622e-05,0.00016147017961780087,8.096538299050484e-05,8.89306254600958e-05,9.949404477659269e-05,0.00010985872982175512,0.0001470020644477078,3.027987612230947e-05,0.00011742722833395862,0.00017234067006088259,5.297348591086512e-05,-0.00011087172018875214,6.850576815571217e-05,9.71928622016187e-05,0.00014035891500998698,8.726968742654958e-05,4.984862390519901e-05,0.00014539152646595314,9.946761935438707e-05,8.233236542032422e-05,0.00017837525238041148,0.00010740267056270902,0.00019206097353678336,0.00012081690034686015,4.082478610579539e-05,8.242638864354504e-05,9.922866447574871e-05,5.2965780358448784e-05,3.30959066373717e-05,7.009748225301059e-05,7.458571723430994e-05,8.913631042456341e-05,9.278544525393469e-05,9.637611272819734e-05,1.8704129623008656e-05,0.00010818236265829774,8.49711629869399e-05,2.7141744869244443e-05,0.00016156272134268076,7.897730241580929e-05,3.993545511983215e-05,6.128797432111493e-05,0.00014610234151506596,2.9880479296147816e-05,8.935289116466726e-05,2.4716252061948715e-05,5.3208633158725674e-05,4.88526927765933e-05,0.00014510995183259463,0.0001325600042788891,8.47563421490237e-05,0.00012344541176022292,5.295974404298255e-05,3.5251776249059875e-05,3.9512389534768005e-05,0.00010974209079939623
GWW.N,6.650125475855264e-05,2.090679542555074e-05,6.51907669915606e-05,5.4006106161726014e-05,0.0001287479594013655,8.101878282158128e-05,9.093053618879428e-05,4.205119905441598e-05,6.163987348376515e-05,-1.983855816756655e-06,0.00011492004978086872,4.847642054371896e-05,7.034457045715137e-05,5.696232180517812e-05,0.00012590030428324153,7.815373977368886e-05,2.6016595086056878e-05,5.458661039636688e-05,9.731996115642532e-05,9.343601656295093e-05,-9.246041314218566e-05,4.466347608251808e-05,6.71055075182157e-05,0.00010573310238028018,5.759488741931357e-05,3.528524100867823e-05,9.626241796835117e-05,7.335594579236083e-05,4.0559331311776275e-05,0.0001133651661860451,0.00010029673555673178,0.00012081690034686015,0.00015052966484799843,2.535615441888395e-05,6.249357968859347e-05,8.557819490563117e-05,3.463677315466566e-05,2.465208470666779e-05,3.696635651270024e-05,1.6079708997987977e-05,6.975504288799937e-05,6.817694210009876e-05,4.98130810646249e-05,-5.07424813614501e-07,7.182252998109386e-05,5.572659156927147e-05,2.6475134562531812e-05,0.00012190022513544552,5.142339146976155e-05,2.3813767414418874e-05,-3.7939356731215343e-06,8.170932845954298e-05,-2.4832674715445517e-05,6.360930344879722e-05,3.896348164826902e-06,3.178606196771313e-05,2.617403505890254e-05,9.351079159907125e-05,0.00011250575217760228,7.726478955416087e-05,7.884108121368934e-05,3.4103791115458443e-05,2.7962503641356417e-05,3.589031401663986e-05,0.00010077072438088186
HRL.N,2.831696296664472e-06,1.8935615667044968e-05,1.765395942016315e-05,1.7498231219961113e-05,-5.064918273716019e-06,-8.459220759789979e-05,9.86475630047072e-07,-3.635874221155174e-05,6.17711102718535e-05,1.7361001469178995e-05,-3.615249734489769e-05,1.426713602689455e-05,4.157414023806279e-05,-1.9691134853748392e-05,-1.597007129321736e-05,4.797643437485697e-06,6.593725887653921e-05,2.3844836010148282e-05,3.2995431317015034e-05,7.612834057574104e-05,8.51932049601875e-05,-1.2449725383328683e-05,-4.3754193874580474e-05,-3.942134070311535e-05,9.916561306187819e-06,6.530098627230554e-05,-2.4776856013835714e-05,1.5211769045927405e-05,-1.6452524026506396e-05,-5.7077794768321035e-06,-1.0401809460499825e-05,4.082478610579539e-05,2.535615441888395e-05,8.677927474878097e-05,-1.0745956202188165e-05,4.478995075775281e-06,-3.988969570911287e-06,6.229011446467701e-05,2.3647748080569217e-05,-4.278053527011788e-05,1.4092522332425125e-05,1.4414088487624808e-05,-1.0598657437033554e-05,6.703439926923353e-05,5.962738891281538e-06,-1.4072330167585163e-05,4.456127497513603e-05,-3.303679550515095e-05,1.2899919093901327e-05,4.403590741788152e-05,4.166046185221993e-05,8.110458672236763e-06,3.0466583631696583e-05,7.187837194197587e-06,2.3557138363318736e-05,8.316839653239394e-05,-1.9076606660377985e-05,1.4010446510500147e-05,-9.867252297988066e-06,-4.548541011351509e-06,-2.604192451511983e-05,-2.565844887336638e-05,1.4212030113314408e-05,-1.1457041927613122e-05,-4.272163241015329e-05
IBM.N,2.9119868940206356e-05,-3.935301051813552e-06,5.9196462999768286e-05,4.556390652624591e-05,8.842286736454702e-05,6.907455487677553e-05,7.741360560570451e-05,8.975606723852174e-05,2.1885421297440278e-05,3.5385848363850094e-06,0.00010979624182640129,4.008289961793646e-05,2.8748806367877232e-05,5.2933419290083776e-05,8.767788665183711e-05,8.23324130444498e-05,-2.089948488920595e-05,6.392628067005287e-05,8.37834361423053e-05,2.1722169853649188e-05,-0.00015155422559097963,7.746707899307979e-08,0.00010552707674605609,8.364922502084061e-05,4.59726311847802e-05,7.514640059025829e-06,7.938906160339642e-05,5.404006742667531e-05,3.270785534558145e-05,0.00010000422424687987,7.05803057423385e-05,8.242638864354504e-05,6.249357968859347e-05,-1.0745956202188165e-05,8.880879448931884e-05,6.21766851919098e-05,2.300592121503684e-05,-1.6744854470695325e-05,2.1765509544782262e-05,4.1026673137082495e-05,5.30628068323095e-05,4.220906436466996e-05,5.4224097293230866e-05,-1.9582606144809414e-05,6.389492576611268e-05,4.9639420124983404e-05,1.654551651383829e-06,9.828249673408773e-05,3.633622542885431e-05,4.926182283799696e-06,5.039132433831743e-06,8.395553123883536e-05,2.283043715843563e-05,3.398142499531504e-05,7.635686892674249e-06,-3.776345671250518e-07,2.2550932843200183e-05,8.876802183435178e-05,6.605117513532747e-05,2.9724807373922464e-05,7.362072935949986e-05,4.3688450673443306e-05,1.405918072873365e-05,-3.6065172341912907e-06,0.00011831782840562428
ITW.N,3.783798676584474e-05,-5.946973859284817e-06,6.198100123924184e-05,5.885706784130442e-05,0.00010939832422615054,6.414918875476846e-05,8.9819204116159e-05,4.5977944654351416e-05,3.1103578120926406e-05,4.9588216113949905e-06,0.00011341233905278088,3.116587179738559e-05,4.449363017152224e-05,7.228105091929933e-05,8.719375015532427e-05,0.00010796103397818351,1.0672274318248153e-06,6.334356393423077e-05,0.00010806402644122974,2.0211711991351883e-05,-0.00015958689409518182,3.229665015565056e-05,7.209752703077567e-05,0.00011297477889105858,5.694623266030067e-05,1.9361111120201673e-05,0.00010005697497225506,5.1844197508935477e-05,3.192381212598211e-05,0.0001065538175606047,8.206153964583416e-05,9.922866447574871e-05,8.557819490563117e-05,4.478995075775281e-06,6.21766851919098e-05,9.041905696260595e-05,3.1735003156577044e-05,1.809419782546665e-05,3.710196636793626e-05,4.384415497741744e-05,4.681852265562419e-05,4.440497115138045e-05,5.6431268661421705e-05,-1.2310820052453668e-05,7.286404042881467e-05,4.903552497159157e-05,1.4079101042598186e-05,0.0001365716804785566,4.6872912103443956e-05,2.0666876212740017e-05,2.2785124069246694e-05,0.00011186900419714408,6.6669407342606365e-06,5.208855311845778e-05,6.525351789827992e-06,2.4955711144816822e-05,3.3637947239478936e-05,8.705291208908096e-05,6.502256138908369e-05,5.213541626024036e-05,7.307098408567557e-05,4.3307750331379756e-05,2.3443059532269023e-05,2.279207130410593e-05,8.862085750513736e-05
JNJ.N,2.4114679866331682e-05,1.2120195956289533e-05,1.9192840921246067e-05,2.887454712478518e-05,3.773080001765476e-05,-3.3007994563463043e-06,4.127653425122686e-05,1.78314938865395e-05,1.9114215795033048e-05,3.925903016372869e-06,4.743275252652164e-05,2.6255470758664674e-05,1.8865600494938825e-05,2.7273960237989218e-05,3.981701279278019e-05,3.9821629076132423e-05,1.075862111349492e-06,3.240832037280114e-05,2.7672376318326603e-05,9.43647831133937e-06,-7.03836748191054e-05,4.635017786926067e-05,3.390276248253575e-05,5.389963902999794e-05,3.0733394555841915e-05,1.2013598480114669e-05,4.910773583151934e-05,2.8097262865986355e-05,2.013764030595698e-05,6.421679981085604e-05,3.661387311556762e-05,5.2965780358448784e-05,3.463677315466566e-05,-3.988969570911287e-06,2.300592121503684e-05,3.1735003156577044e-05,3.721438797072635e-05,1.6546112265333337e-06,2.4973641913961506e-05,2.85416168297318e-05,2.4555427266841012e-05,3.555984230417345e-05,5.254001560909318e-05,-1.0402688962561643e-05,3.9424564211740344e-05,2.0196484184944808e-05,4.46807785398357e-06,5.330283712530874e-05,2.6599004650683315e-05,1.2275454606825075e-05,1.5449897957639043e-05,5.169044027160175e-05,1.2574544225451407e-05,3.2074171516170514e-05,4.605479053154749e-06,5.8532121022357456e-06,9.18168476992815e-06,3.6014431764167026e-05,3.660878464979073e-05,3.583180606755379e-05,4.124164031494788e-05,3.3082096349736125e-05,1.80821499145851e-05,7.47948675252318e-06,3.929982661752693e-05
KMB.N,3.2505884046905344e-06,2.171315076419175e-05,1.4087952000083758e-05,1.430504888663982e-05,1.7795930160149035e-06,-8.563932722040477e-05,5.997202382681884e-06,-2.2327927819194075e-05,3.260638927293366e-05,2.482392317401587e-05,-3.377787384347467e-05,-9.742155248865158e-07,3.072773264523663e-05,-5.536818392989027e-06,-2.3092684817328958e-05,-4.974636598682362e-06,6.924120249986866e-05,2.7719146178092183e-05,1.7682290665988994e-05,5.100803297027002e-05,3.036711105093164e-05,3.048124112435948e-05,-5.68816339579864e-05,-2.606238587553652e-05,1.3984498419559779e-05,4.593270237793001e-05,-1.606383235768921e-05,5.859566156558937e-06,1.22197134792103e-07,-1.1796427315720743e-05,-1.081633177856556e-05,3.30959066373717e-05,2.465208470666779e-05,6.229011446467701e-05,-1.6744854470695325e-05,1.809419782546665e-05,1.6546112265333337e-06,7.854911366302455e-05,1.5932315243461424e-05,-1.7355187605578407e-05,1.9718704944249743e-05,-4.882114809457801e-06,-5.220635920577564e-06,6.115068437031377e-05,5.453271958154848e-06,-1.2630239405021828e-05,3.936899982166924e-05,7.164326711543509e-06,1.270305571758648e-05,3.5635588785055176e-05,5.1501364293569825e-05,1.6797149955383958e-05,2.635780983995457e-05,1.2843359287966973e-05,2.9991820526145023e-05,8.625742427273474e-05,-2.5086241538941338e-06,7.952066086520446e-06,-1.4817353124263165e-05,1.561103555413033e-05,-3.251543931129908e-05,-1.6644034811476183e-05,1.6936095670212887e-05,2.9054441358878495e-05,-6.316485188114636e-05
KO.N,2.515526572983752e-05,-1.0087799814268318e-05,2.6332836058136887e-05,4.002784914808126e-05,5.5968085180174685e-05,-3.916436584608876e-06,3.583009995936974e-05,2.6419075509455306e-05,3.459799192966765e-05,-1.4640042082483644e-05,8.326058771855243e-06,3.376235757092193e-05,3.7394648718883104e-05,-1.3055631933430583e-05,2.43606105490386e-05,4.9952503531711605e-05,9.965973931226242e-06,5.8582618905070425e-05,6.172677225305705e-05,3.979929943812693e-05,-7.18959886778473e-06,8.436947182104512e-06,4.47174558390516e-05,3.822985643270368e-05,4.133101445561881e-05,2.309760430441358e-05,5.4231388448700245e-05,4.5538729591012066e-05,2.6604027273606216e-05,9.068579680538458e-05,3.976774917710501e-05,7.009748225301059e-05,3.696635651270024e-05,2.3647748080569217e-05,2.1765509544782262e-05,3.710196636793626e-05,2.4973641913961506e-05,1.5932315243461424e-05,7.049538553163485e-05,2.7429902991885805e-05,3.6737312096993856e-05,5.996381538184354e-05,4.8198071588042475e-05,7.818166919867866e-07,5.023824365420923e-05,2.2095897520213265e-05,1.0313963442506224e-05,2.0538621411030433e-05,2.530837914480814e-05,4.5489393119275804e-05,2.8014737099761304e-05,3.180462895307132e-05,3.893172898046644e-05,3.7674411579535805e-05,-2.360370634499404e-07,1.914998683507224e-05,8.315951965789986e-06,4.663823858060454e-05,3.885988216686125e-05,2.8970884129916206e-05,1.585268133875364e-05,1.7114034401879114e-05,2.384189113877395e-05,-2.251062712091951e-05,4.3580051240434645e-05
LIN.N,1.0077362294466812e-05,-8.047769355360162e-06,5.450801380715666e-05,5.494912407264552e-05,8.04791132956057e-05,8.162189434771073e-05,7.765166379988486e-05,8.77828475961027e-05,-2.413322599483609e-06,2.3155882324624097e-05,8.613822231393505e-05,2.4815252137624983e-05,4.393227989930784e-05,7.475200998769771e-05,3.81122612957036e-05,9.948221065443391e-05,-1.0044025947437172e-05,3.788749986325116e-05,6.921756481795707e-05,-6.950194888109078e-05,-8.980547817042947e-05,6.886783659116549e-05,5.989035238181493e-05,0.00012345554806239225,7.79869013437929e-05,-3.1342374050596456e-06,0.00013040996035417518,4.9102045680456324e-05,7.877997828371125e-05,0.00012183106268165303,6.494637788634823e-05,7.458571723430994e-05,1.6079708997987977e-05,-4.278053527011788e-05,4.1026673137082495e-05,4.384415497741744e-05,2.85416168297318e-05,-1.7355187605578407e-05,2.7429902991885805e-05,0.00014757277049860657,5.878783768067738e-05,7.600320100184677e-05,6.870569363529982e-05,-2.5111692892822265e-05,4.65114783055945e-05,6.171051084413119e-05,-3.2595230209760292e-06,0.00012120031168860985,5.548219885530274e-05,-3.254103823649573e-06,3.292036176559935e-05,8.720430179617295e-05,2.3083268255326568e-05,5.959962672212577e-05,9.867170241696498e-06,-3.5311226612197196e-05,5.590017233872541e-05,7.25487300960866e-05,7.708591320643632e-05,5.409271351590365e-05,8.827908272021277e-05,2.9968883391648662e-05,1.1371936087912876e-05,5.5132428338391415e-05,4.5161160869942066e-05
LOW.N,5.381067551565654e-05,3.380241393927049e-05,4.570436048262031e-05,6.313163881297294e-05,8.397077279178926e-05,7.973917843246173e-05,4.905906682657414e-05,8.027064618153878e-05,3.888594279411244e-05,3.945376395028605e-06,7.149772886860386e-05,2.0546733478535148e-05,6.529751188723855e-05,2.1410605812063745e-07,8.108272691137482e-05,5.5117352735362296e-05,2.606690256109825e-05,5.130949606229025e-05,7.512668786326674e-05,4.205446086423835e-05,-7.49267800724908e-05,6.519804598082145e-05,6.372454768558066e-05,8.016880580678689e-05,5.89732545424003e-05,2.605799421328752e-05,9.590417309835845e-05,5.6879857977116364e-05,7.041826796653099e-05,9.554025856611772e-05,5.6668601768008525e-05,8.913631042456341e-05,6.975504288799937e-05,1.4092522332425125e-05,5.30628068323095e-05,4.681852265562419e-05,2.4555427266841012e-05,1.9718704944249743e-05,3.6737312096993856e-05,5.878783768067738e-05,0.00014892910814757007,5.5077493812977056e-05,4.607265081207808e-05,2.913059266175937e-06,4.967887419170996e-05,7.04287066551659e-05,2.8376478992177005e-05,6.352146285168617e-05,4.2847342050556524e-05,2.8019157558122403e-05,3.465588277147285e-05,3.5935375405958197e-06,4.61694985026503e-05,4.871077642274679e-05,3.196015628399914e-05,3.385100407358096e-05,4.4270778668966574e-05,9.881581743248957e-05,5.0826269749176796e-05,6.799321489295759e-05,9.216893021580733e-05,3.69951533413891e-05,3.22677644581201e-05,5.643698142379127e-05,7.061137374173207e-05
MCD.N,4.523064566298687e-05,-1.2083741319863283e-05,5.4402680493843504e-05,5.137099101077908e-05,9.068814895542812e-05,7.512263199654767e-05,4.962489319582803e-05,7.173691063911586e-05,6.155448952050847e-05,1.6638222456490914e-05,5.014889196563373e-05,3.866637715149284e-05,8.60902900470056e-05,2.1339920196534643e-05,6.821580343405169e-05,9.7748328318148e-05,2.3467299380246567e-05,3.052134147925787e-05,0.00010628500030173817,3.447318541357459e-05,2.252290295422187e-05,4.939487335516862e-05,7.527376721918296e-05,0.00011443740713422546,8.644074761703145e-05,4.0276867494683006e-05,0.00010926131334925976,7.373187359913338e-05,4.503084373376819e-05,0.0001614886979220798,8.892643444961198e-05,9.278544525393469e-05,6.817694210009876e-05,1.4414088487624808e-05,4.220906436466996e-05,4.440497115138045e-05,3.555984230417345e-05,-4.882114809457801e-06,5.996381538184354e-05,7.600320100184677e-05,5.5077493812977056e-05,0.0001403188119329352,8.880620658165441e-05,-1.4795501465144635e-05,5.014519398095163e-05,4.486551446022385e-05,1.821116961620034e-05,5.857890924153418e-05,5.9036918479574605e-05,3.571719445590941e-05,6.409315888230822e-06,7.303569840713068e-05,8.397925109490485e-06,6.152879933118541e-05,-7.981827190366675e-06,-6.99358481037212e-06,3.799203577837414e-05,7.962983288207827e-05,0.00010751740899731539,4.4130799520718077e-05,6.23796679606763e-05,2.2950957168595162e-05,2.3848067703378415e-05,1.3986305690531702e-05,8.189465565397138e-05
MDT.N,4.875622091047537e-05,9.383248481417689e-06,6.328672661245894e-05,4.7003828555306346e-05,9.322298146168274e-05,3.373645709880249e-05,6.501466662403666e-05,8.897975047611982e-05,3.551451112471785e-05,4.010701260041778e-05,6.292672067770199e-05,4.790584619369723e-05,4.964788530808192e-05,0.00011614445780072953,7.848468796049475e-05,0.00010650293210474563,1.3812244625723456e-07,3.504598045831181e-05,0.00010735792534558547,-5.356892940427489e-06,-8.786633888519825e-05,0.00012178172368967606,9.58923949393596e-05,0.00013460495513837136,7.899415714243594e-05,1.9594179425604554e-05,0.00011592482891494388,8.611019482803459e-05,3.8216137445099086e-05,0.00016848220746096908,0.00011293905828249147,9.637611272819734e-05,4.98130810646249e-05,-1.0598657437033554e-05,5.4224097293230866e-05,5.6431268661421705e-05,5.254001560909318e-05,-5.220635920577564e-06,4.8198071588042475e-05,6.870569363529982e-05,4.607265081207808e-05,8.880620658165441e-05,0.00015048790443642255,-2.6761546915167163e-05,5.341771627381588e-05,6.194248877527821e-05,1.2114438299121585e-05,7.715063101817816e-05,5.3021734534148586e-05,2.1125040995605096e-05,1.0875258634349263e-05,0.00011907360848737399,5.003649353920943e-06,6.28202165958811e-05,5.989011536296795e-06,-1.3931384798149105e-06,4.517898775309709e-05,4.350673528887673e-05,9.871636294338256e-05,2.716231588988114e-05,8.180982822456024e-05,5.690947854318236e-05,1.414387421576909e-05,1.9531030577789537e-05,9.888478535774178e-05
MKC.N,-2.5037876923419626e-05,1.9446419112062035e-05,8.501799163574733e-06,5.966986577995104e-07,-3.176786464246934e-05,-8.175351633427811e-05,-8.773024053142384e-06,-2.4330963053162417e-05,4.542373497325197e-05,4.286284160990341e-06,-4.043947853715661e-05,1.5215727366543248e-05,2.5403054596220896e-05,-5.711517681619257e-05,-4.467297762204208e-05,-1.375643681539929e-05,6.562773075591262e-05,2.533866880064376e-05,-4.478898768587134e-06,4.34038431979766e-05,8.004335562508127e-05,2.020583434090937e-06,-8.384392755944844e-05,-5.063117259981794e-05,1.1682104355039204e-06,5.517595739407735e-05,-3.716945801137422e-05,1.3711645007262412e-05,-5.553089188537017e-06,-1.4594854907282437e-05,-3.086830274040038e-05,1.8704129623008656e-05,-5.07424813614501e-07,6.703439926923353e-05,-1.9582606144809414e-05,-1.2310820052453668e-05,-1.0402688962561643e-05,6.115068437031377e-05,7.818166919867866e-07,-2.5111692892822265e-05,2.913059266175937e-06,-1.4795501465144635e-05,-2.6761546915167163e-05,8.386430544383777e-05,2.2765086293990204e-07,-1.5215672389548742e-05,4.796839426126877e-05,-4.989692394003027e-05,1.4952496987787638e-05,2.2160775563717792e-05,4.578880617055436e-05,-1.0681170645857945e-06,2.1208361816318335e-05,-4.904523213902987e-08,2.4353538766242942e-05,7.653209253890826e-05,-1.4806653525607378e-05,2.4149658707016487e-07,-1.4443557539568455e-05,-8.397038271181688e-06,-2.7652138185458107e-05,-3.565325164735598e-05,1.4460440501303759e-05,2.3817254420841957e-06,-9.334193973467174e-05
MMM.N,1.9260108138429308e-05,-5.231514612899596e-06,5.680611658946262e-05,5.586156184099617e-05,8.482842247690796e-05,6.192096136145132e-05,8.385888498097424e-05,4.936701187038775e-05,3.1776593799412285e-05,-2.3235975091757715e-05,0.0001002736521720061,5.472128511908043e-05,3.58826356206708e-05,2.326834344901316e-05,7.14856284278804e-05,9.056357162050982e-05,1.0290470885289824e-06,8.780083280520602e-05,8.624332602677866e-05,1.9114150321676114e-05,-0.000131977659679684,2.7011540775036016e-06,6.632677029033053e-05,9.83021126101953e-05,5.1768903514166976e-05,1.3361098574211615e-05,9.302851685796369e-05,6.175602517532184e-05,5.128689072511966e-05,0.00011183080636589268,6.076275474849027e-05,0.00010818236265829774,7.182252998109386e-05,5.962738891281538e-06,6.389492576611268e-05,7.286404042881467e-05,3.9424564211740344e-05,5.453271958154848e-06,5.023824365420923e-05,4.65114783055945e-05,4.967887419170996e-05,5.014519398095163e-05,5.341771627381588e-05,2.2765086293990204e-07,9.58599613469585e-05,5.290275614238799e-05,7.740984629474117e-06,0.00011007039070833437,4.898978537385809e-05,3.0518847120511896e-05,3.34005933407264e-05,8.650997998007689e-05,1.764290604141867e-05,4.9476906295722706e-05,-1.476974082266525e-06,2.7049594363862707e-05,1.4131949854726082e-05,0.00010217491873553458,6.784379541697936e-05,5.868035380937473e-05,6.9714591945991e-05,4.8931660094947394e-05,3.548289478217198e-05,-7.906835419155922e-06,7.697758087438235e-05
NDSN.O,2.5453088946436078e-05,2.7293808957823865e-06,4.2700564805103824e-05,4.3339246457092506e-05,8.934204159436097e-05,9.896248709110999e-05,6.683993559383281e-05,7.237314411825045e-05,2.3357793700625345e-05,9.246581553467417e-06,8.078394955863012e-05,3.317022575634569e-05,3.9617982766941045e-05,9.045007334508874e-05,6.443088439675935e-05,9.339541127980509e-05,-8.847068514066147e-06,4.169571416627783e-05,9.973083964244407e-05,-8.45438829501219e-06,-5.933726837532559e-05,6.011091106191835e-05,6.12352632285725e-05,0.00011654226870654338,5.0450211414790385e-05,-9.499840776690687e-07,0.00010711876042691867,7.351777945093815e-05,6.972268035052747e-05,0.0001063720546932013,7.957252878315205e-05,8.49711629869399e-05,5.572659156927147e-05,-1.4072330167585163e-05,4.9639420124983404e-05,4.903552497159157e-05,2.0196484184944808e-05,-1.2630239405021828e-05,2.2095897520213265e-05,6.171051084413119e-05,7.04287066551659e-05,4.486551446022385e-05,6.194248877527821e-05,-1.5215672389548742e-05,5.290275614238799e-05,9.140076492224676e-05,1.688918057855255e-05,6.307443913435727e-05,4.4205641466548805e-05,3.0815469447242484e-06,1.3241201441366166e-05,5.881461388656655e-05,-2.0142178549460235e-05,4.875382315196866e-05,2.552090981047567e-06,-7.657968045482794e-06,6.300061443187775e-05,7.139461905873415e-05,7.638859514905893e-05,4.0140605541943206e-05,9.85230249418498e-05,2.900004736640262e-05,1.0362807832161476e-05,5.182615223506671e-05,7.014789777156488e-05
NEE.N,1.4003521944643298e-05,3.4656427003526056e-06,4.984954239897581e-06,2.7087869257442258e-05,1.3761262208231677e-05,-4.8739946781579225e-05,8.692247715276933e-06,1.4716859632748458e-05,7.977568036004723e-05,1.6799683438800957e-05,-1.0460129209455298e-05,1.3667334564748665e-05,4.8239046339667485e-05,-2.9450848384549906e-05,-3.425048531004545e-06,3.578342831759512e-05,4.0717889349393286e-05,1.6951023658581764e-05,2.438416675150402e-05,4.970159844968737e-05,2.4361096623241403e-05,3.244319509614096e-05,-4.3631014130694366e-05,5.488485619366502e-06,2.90342987189653e-05,7.503003106999919e-05,1.6661234329212466e-05,4.372552058251823e-05,-1.3012886641547762e-05,4.5539805915033234e-05,2.6946724130420573e-05,2.7141744869244443e-05,2.6475134562531812e-05,4.456127497513603e-05,1.654551651383829e-06,1.4079101042598186e-05,4.46807785398357e-06,3.936899982166924e-05,1.0313963442506224e-05,-3.2595230209760292e-06,2.8376478992177005e-05,1.821116961620034e-05,1.2114438299121585e-05,4.796839426126877e-05,7.740984629474117e-06,1.688918057855255e-05,7.524812760891217e-05,-3.8432904847673006e-05,3.105544191903708e-05,1.3759864133343125e-05,2.3853186861540794e-05,4.459380414012472e-05,2.474191486679811e-05,2.195135844529736e-05,2.0554708352700643e-05,4.5100529753772945e-05,2.8603507017289705e-05,2.8332731341419418e-06,5.839637981967723e-06,-5.3369269306345435e-06,2.0617935893911956e-05,-3.3676928384368474e-05,1.6998663825862256e-05,3.780826447852717e-05,-4.1203695442310176e-05
NUE.N,4.927001468224033e-05,-3.468297497355825e-06,0.00019397017687978427,0.00010279230473084336,0.00020706049370514977,0.0002308971864338961,0.00015561428926566794,2.4845847189138883e-05,-2.3861456738655375e-05,7.108017659751738e-05,0.00035799868058721836,3.3483653291118784e-05,7.39042552044677e-05,0.00035520231603150955,0.00019181653318120617,0.00014318338386099858,9.208837239707871e-06,6.163042518623619e-05,0.00020086022149934775,-1.6058016696736422e-05,-0.0002442337333526498,-4.756441295633966e-06,0.00020163079136211216,0.00012801393513643555,9.238200816184111e-05,1.0200685162146614e-06,0.00018222116169501804,9.600915166056351e-06,7.44166154457502e-05,3.531439572478228e-05,0.00011144993283355343,0.00016156272134268076,0.00012190022513544552,-3.303679550515095e-05,9.828249673408773e-05,0.0001365716804785566,5.330283712530874e-05,7.164326711543509e-06,2.0538621411030433e-05,0.00012120031168860985,6.352146285168617e-05,5.857890924153418e-05,7.715063101817816e-05,-4.989692394003027e-05,0.00011007039070833437,6.307443913435727e-05,-3.8432904847673006e-05,0.0005889086956895492,4.0295767970079266e-05,-2.452327514850821e-05,2.643546597161184e-05,0.0001904110524623048,0.00012752524436510432,3.337225315217514e-05,1.9183876428479672e-05,4.005936443801154e-05,1.2972580942876191e-05,0.00016099685715760138,0.00011900761388184269,0.00012258231599224128,0.00014222649477999325,0.00013194401927441894,-1.0030112871890583e-06,0.00013722898203053592,0.00024353613217404206
O.N,2.09803026281054e-05,8.673254391953687e-07,3.9301914898024983e-05,4.396666323893928e-05,6.795112937798706e-05,5.370790184351764e-05,5.535936144061075e-05,3.8444206459639546e-05,5.7508869973780385e-05,-8.851793189360983e-06,8.466116308301383e-05,4.6621947311787715e-05,5.9746281360087884e-05,-1.7944023785750865e-05,5.9502663576958194e-05,9.988215513515906e-05,1.7902070596548974e-05,2.859698696150054e-05,7.463384964275084e-05,1.3982794120185303e-05,-5.613589753032664e-05,7.508761454598397e-05,2.4745865938502108e-05,0.00010168221623055907,5.9602786472429875e-05,4.0192645976649454e-05,8.684159048054725e-05,6.715853362718531e-05,2.741639558512673e-05,0.00014270038484167204,6.281553660113964e-05,7.897730241580929e-05,5.142339146976155e-05,1.2899919093901327e-05,3.633622542885431e-05,4.6872912103443956e-05,2.6599004650683315e-05,1.270305571758648e-05,2.530837914480814e-05,5.548219885530274e-05,4.2847342050556524e-05,5.9036918479574605e-05,5.3021734534148586e-05,1.4952496987787638e-05,4.898978537385809e-05,4.4205641466548805e-05,3.105544191903708e-05,4.0295767970079266e-05,6.707788146621065e-05,7.158180339834495e-06,2.7594841512861662e-05,7.440963388494257e-05,-6.052874543885949e-06,4.8773659915120184e-05,4.077982331356754e-06,1.5518931503956692e-05,2.9776874314236564e-05,6.681337987612163e-05,8.027998099703101e-05,3.3819804430024e-05,8.299809031517306e-05,2.4973655762965332e-05,2.584089924091148e-05,3.8268938448059626e-07,3.0448334815481984e-05
PEP.O,1.3905141022667597e-05,7.4384210374532895e-06,8.077392513132198e-06,2.3011705214825024e-05,3.346543348303692e-06,-6.80966570606442e-05,1.598519640552602e-05,1.0162232385044784e-05,2.312205941502337e-05,8.493815856840123e-06,-7.250754352966975e-05,6.502372312527335e-06,1.5794180549994614e-05,-2.954264280801275e-06,-1.301522057588869e-05,2.5345997188546697e-06,3.608377948207852e-05,4.1186449745440164e-05,1.9901495099933566e-05,3.548560492630296e-05,8.747832626228352e-06,-1.9228384212782273e-05,-5.260886005983448e-06,4.879916690911929e-06,2.365222952286298e-05,1.749473829168154e-05,8.745084035406858e-06,1.8109602684762477e-05,1.5770603402533458e-05,1.1879393197363231e-05,6.360311086193071e-06,3.993545511983215e-05,2.3813767414418874e-05,4.403590741788152e-05,4.926182283799696e-06,2.0666876212740017e-05,1.2275454606825075e-05,3.5635588785055176e-05,4.5489393119275804e-05,-3.254103823649573e-06,2.8019157558122403e-05,3.571719445590941e-05,2.1125040995605096e-05,2.2160775563717792e-05,3.0518847120511896e-05,3.0815469447242484e-06,1.3759864133343125e-05,-2.452327514850821e-05,7.158180339834495e-06,6.439406346770546e-05,3.513211941217295e-05,1.0319285537366943e-05,1.4322468460839784e-05,2.3530865346910132e-05,1.0806707619669628e-05,4.773115517283304e-05,-1.3233821850342648e-05,2.3890442093083512e-05,-1.1125782404928e-05,1.7715286426394357e-05,-3.6808127525001e-05,-1.5802849106405738e-06,2.3235449435566837e-05,-1.9949254609867713e-05,-1.1513681982379674e-05
PG.N,-1.1863563882353237e-05,1.962297214436805e-05,2.246565061240557e-05,4.14781366054775e-05,1.1995889285025497e-05,-6.904936498508863e-05,4.303407891580507e-05,3.2965477740341713e-07,2.4608078349776095e-05,1.5172540170709836e-05,5.268635354971618e-06,1.8114802468916406e-05,2.2401583207300163e-05,-1.676361247970489e-05,-2.287380812483877e-05,3.104148030164461e-05,4.252602659087731e-05,5.457083927671024e-05,3.688936746738885e-05,3.5420194715031475e-06,-2.856408339855446e-05,2.021835038345255e-05,-1.4185802621304294e-05,3.6694837716254367e-06,2.5766488606907887e-05,3.061399850782373e-05,2.502416258181393e-05,1.2073162458823578e-05,2.9021445096647235e-05,3.090807597962081e-05,-1.2893951218458428e-05,6.128797432111493e-05,-3.7939356731215343e-06,4.166046185221993e-05,5.039132433831743e-06,2.2785124069246694e-05,1.5449897957639043e-05,5.1501364293569825e-05,2.8014737099761304e-05,3.292036176559935e-05,3.465588277147285e-05,6.409315888230822e-06,1.0875258634349263e-05,4.578880617055436e-05,3.34005933407264e-05,1.3241201441366166e-05,2.3853186861540794e-05,2.643546597161184e-05,2.7594841512861662e-05,3.513211941217295e-05,8.364361616361206e-05,4.4851251769248565e-05,5.4329268397221475e-05,2.364635224518583e-05,3.411657822669184e-05,6.710998081049184e-05,7.954549303598947e-06,4.799824509767051e-05,-5.953441677880377e-06,2.6830385616015647e-05,6.736972827698289e-06,7.532744232325492e-06,2.485972135104876e-05,1.875959060082529e-05,-3.381979434198413e-05
PNR.N,2.2124682571161593e-05,-1.3856518418491605e-06,0.00011182991328277736,9.606385257741937e-05,0.00014294787529589058,2.929227911348266e-05,0.00015290146235123658,8.057699654804113e-05,7.344888147731019e-05,6.043849481632397e-05,0.00016111324662067522,5.95212154151235e-05,6.328207796068291e-05,0.000122172234400144,8.819167612810599e-05,0.00017336213057358201,2.4337422935835266e-06,7.538762449174349e-05,0.00015242710711648255,-2.8074877230080154e-05,-0.0002415508776516844,4.219021450501662e-05,9.398719296427822e-05,0.00016450454816116706,8.548187240393501e-05,6.596735624139398e-05,0.00015085643815354165,7.616943830587653e-05,1.1450316450715647e-05,0.0001847469571338128,0.00012747244325978023,0.00014610234151506596,8.170932845954298e-05,8.110458672236763e-06,8.395553123883536e-05,0.00011186900419714408,5.169044027160175e-05,1.6797149955383958e-05,3.180462895307132e-05,8.720430179617295e-05,3.5935375405958197e-06,7.303569840713068e-05,0.00011907360848737399,-1.0681170645857945e-06,8.650997998007689e-05,5.881461388656655e-05,4.459380414012472e-05,0.0001904110524623048,7.440963388494257e-05,1.0319285537366943e-05,4.4851251769248565e-05,0.0002882772135244229,1.949477127351423e-05,8.529834638507352e-05,2.2032360447195168e-05,3.2490221673798975e-05,7.129697989223349e-05,8.43848462750153e-05,0.00011161748146703264,3.436141012838376e-05,0.00010510267077627625,3.057493252002875e-05,2.2555534680167505e-05,7.30068113210222e-05,9.183017628081431e-05
PPG.N,1.2670077361350643e-05,1.4025964463672662e-07,4.837618365653358e-05,5.443688964019791e-05,2.408528324258597e-05,-5.2574843955222705e-05,1.8337438147940778e-05,6.664357293277462e-06,3.485515391143765e-05,1.9027259291954416e-05,6.328130478735928e-05,1.0814283378234678e-05,3.1139752611142876e-05,-8.158909808780445e-06,8.452542291119895e-06,1.4318164890130932e-06,2.1078277237810444e-05,4.7706338794813554e-05,3.18361767745351e-05,5.1154830641845554e-05,-1.9599207173522244e-05,-4.7260196596628325e-05,6.726397082400217e-05,-9.361097376476299e-05,2.645436793971071e-05,5.810806489248486e-05,8.899600340207372e-06,-1.4796772350171754e-05,-1.3853529023569286e-05,-1.238994645668694e-05,-1.5772619306612548e-05,2.9880479296147816e-05,-2.4832674715445517e-05,3.0466583631696583e-05,2.283043715843563e-05,6.6669407342606365e-06,1.2574544225451407e-05,2.635780983995457e-05,3.893172898046644e-05,2.3083268255326568e-05,4.61694985026503e-05,8.397925109490485e-06,5.003649353920943e-06,2.1208361816318335e-05,1.764290604141867e-05,-2.0142178549460235e-05,2.474191486679811e-05,0.00012752524436510432,-6.052874543885949e-06,1.4322468460839784e-05,5.4329268397221475e-05,1.949477127351423e-05,0.00020048228745738568,-1.9956729597403025e-05,4.371264521709898e-05,4.992029256821427e-05,-2.4739938429912322e-05,3.363087931390873e-05,-3.0919290016017345e-05,5.003876287645918e-06,3.7291029904741814e-06,2.1704653056851046e-05,1.0608081497894009e-05,2.0854399338324626e-05,6.259856414992544e-05
ROP.O,2.7901857849596835e-05,1.0743192778295543e-05,3.111823005582981e-05,4.541027749165286e-05,7.012701595576769e-05,3.541924828182676e-06,6.783505503915768e-05,5.1081925364143284e-05,3.554016091212408e-05,1.9731299041704646e-05,3.809236591320075e-05,3.3891726401346766e-05,4.484696755877142e-05,5.669130912075791e-05,4.0807529027044425e-05,7.97714032729986e-05,8.674147664263404e-06,5.151836421386404e-05,5.849160113509117e-05,4.690189403175028e-06,-7.24059032713898e-05,6.159001488597721e-05,2.1070859023224213e-05,0.00010775399746191964,5.248763447602137e-05,2.5957655073936907e-05,8.581851440655103e-05,6.12353204534826e-05,4.5396605814522304e-05,0.00010684368016252596,6.659312393782144e-05,8.935289116466726e-05,6.360930344879722e-05,7.187837194197587e-06,3.398142499531504e-05,5.208855311845778e-05,3.2074171516170514e-05,1.2843359287966973e-05,3.7674411579535805e-05,5.959962672212577e-05,4.871077642274679e-05,6.152879933118541e-05,6.28202165958811e-05,-4.904523213902987e-08,4.9476906295722706e-05,4.875382315196866e-05,2.195135844529736e-05,3.337225315217514e-05,4.8773659915120184e-05,2.3530865346910132e-05,2.364635224518583e-05,8.529834638507352e-05,-1.9956729597403025e-05,6.830815194679384e-05,8.948172048476084e-06,7.483247722605675e-06,4.456305265093591e-05,5.4704752187473335e-05,6.37326744544258e-05,4.575410462206634e-05,6.081887323120997e-05,7.081824054526056e-06,1.9427263864296697e-05,2.650256966566065e-05,1.9421656042639656e-05
SHW.N,7.1795090891359554e-06,2.916462092578706e-05,1.670578864309951e-05,2.1603080840488068e-05,6.002379073760695e-06,-6.426418339379651e-05,2.4858904418140028e-05,8.823716771355565e-06,1.4426059779867209e-05,3.260761159267142e-05,7.24614129944949e-07,-8.80400881099608e-07,1.1322572842215055e-05,3.0247582956187538e-05,-4.003270276699833e-06,-1.0691170759703724e-06,2.4126436882635296e-05,2.1522956358399874e-05,7.5817167946653735e-06,1.635076748970482e-05,-2.4821377305627417e-05,2.1230032632621416e-05,-3.7183777293554085e-06,-2.0458277773144702e-05,1.1089089087740442e-05,2.525974333223227e-05,2.52718323778407e-06,-2.6939924439556664e-07,6.498668037610737e-06,-1.3567811257500024e-05,-1.9196421387710494e-06,2.4716252061948715e-05,3.896348164826902e-06,2.3557138363318736e-05,7.635686892674249e-06,6.525351789827992e-06,4.605479053154749e-06,2.9991820526145023e-05,-2.360370634499404e-07,9.867170241696498e-06,3.196015628399914e-05,-7.981827190366675e-06,5.989011536296795e-06,2.4353538766242942e-05,-1.476974082266525e-06,2.552090981047567e-06,2.0554708352700643e-05,1.9183876428479672e-05,4.077982331356754e-06,1.0806707619669628e-05,3.411657822669184e-05,2.2032360447195168e-05,4.371264521709898e-05,8.948172048476084e-06,3.545436660080579e-05,3.464955863276062e-05,4.276898173762676e-06,1.0193534643189362e-05,-1.3793140383723756e-05,8.425067685243073e-06,4.6295027604233235e-06,-3.319035631260586e-06,3.4811451038717865e-06,3.260254654184605e-05,-1.0012497438970821e-05
SJM.N,1.3171186444724402e-06,2.6998589394430205e-05,3.173767912777621e-05,2.8038069898027963e-05,-9.566348632554728e-09,-8.073238100370382e-05,6.934194155677513e-06,-2.05748322847912e-05,4.717382169343669e-05,3.1388568335759624e-05,-1.8273666489633966e-05,1.2973987691111013e-05,3.581133629028744e-05,-3.1010848501344027e-06,-8.729450182641893e-06,-6.320687125692554e-06,8.421061257948538e-05,3.541020527786426e-05,2.6748283069448038e-05,6.326948775125667e-05,4.377865201256791e-06,-8.351123857213004e-06,-4.018394393703965e-05,-2.9078832345425197e-05,1.2522405497645991e-05,5.911909223206354e-05,-1.6628404848679043e-05,9.335491007681653e-06,-5.132785582853568e-06,-1.758847082293709e-05,-1.6625237022316502e-05,5.3208633158725674e-05,3.178606196771313e-05,8.316839653239394e-05,-3.776345671250518e-07,2.4955711144816822e-05,5.8532121022357456e-06,8.625742427273474e-05,1.914998683507224e-05,-3.5311226612197196e-05,3.385100407358096e-05,-6.99358481037212e-06,-1.3931384798149105e-06,7.653209253890826e-05,2.7049594363862707e-05,-7.657968045482794e-06,4.5100529753772945e-05,4.005936443801154e-05,1.5518931503956692e-05,4.773115517283304e-05,6.710998081049184e-05,3.2490221673798975e-05,4.992029256821427e-05,7.483247722605675e-06,3.464955863276062e-05,0.00012674251942072488,-1.8180399521455624e-05,2.9867749160413488e-05,-1.9070806437481675e-05,1.774792343297988e-05,-3.17061112765702e-05,-3.078769390904529e-06,2.6312683624553076e-05,2.088245826458007e-05,-4.6543087466068207e-05
SPGI.N,8.477135635647792e-06,-6.196795533455738e-06,2.122582955799679e-05,2.7245336994482034e-05,7.420409320921239e-05,8.40997935301504e-05,3.930764802258533e-05,7.143860814125251e-05,1.8010164160513815e-05,2.0918726349934472e-05,6.0128107612350926e-05,-2.0669860398293238e-06,4.0206174137439244e-05,2.5902425766139423e-05,1.7663196997982407e-05,8.07059018058991e-05,-9.094877565640225e-06,3.612167033108587e-05,9.302795587450237e-05,-2.7909513765797588e-05,-3.1163242847641796e-05,7.483665186016468e-05,2.3796270556162385e-05,0.00010008536370335426,3.3190046220395945e-05,1.0556811762855903e-05,7.843009551915132e-05,4.462769950213339e-05,4.943698980461766e-05,0.000102267408934623,5.944162058909816e-05,4.88526927765933e-05,2.617403505890254e-05,-1.9076606660377985e-05,2.2550932843200183e-05,3.3637947239478936e-05,9.18168476992815e-06,-2.5086241538941338e-06,8.315951965789986e-06,5.590017233872541e-05,4.4270778668966574e-05,3.799203577837414e-05,4.517898775309709e-05,-1.4806653525607378e-05,1.4131949854726082e-05,6.300061443187775e-05,2.8603507017289705e-05,1.2972580942876191e-05,2.9776874314236564e-05,-1.3233821850342648e-05,7.954549303598947e-06,7.129697989223349e-05,-2.4739938429912322e-05,4.456305265093591e-05,4.276898173762676e-06,-1.8180399521455624e-05,0.00010606675639795132,4.323116836425519e-05,5.518375778860264e-05,1.9716119636264283e-05,7.699463571846026e-05,-1.024559788867329e-05,3.7732121201500392e-06,0.00010358026809947646,1.8532250257284047e-05
SWK.N,2.4465705034591527e-05,7.759701080587308e-06,9.518165898088024e-05,7.667871329557495e-05,0.00013501836848249347,0.0001651243889679706,0.00011254228872626315,6.937964767653289e-05,3.954841208515542e-05,-3.4607344239452816e-05,0.00019240807382358554,5.2608932937527126e-05,7.425779875265693e-05,-2.586133666716497e-05,0.00011380682636260202,0.00012959584124231613,1.2677241926709486e-05,0.00010612187951368463,0.00016475143564123962,3.298870684983042e-05,-0.00013158425868267683,2.2625851737442892e-05,0.00011274936655850027,0.00012631140918656583,7.083941640125009e-05,1.6936215402348958e-05,0.00012931966168812424,6.164169088080449e-05,8.426736473837675e-05,0.00016264141766981005,7.084252174209814e-05,0.00014510995183259463,9.351079159907125e-05,1.4010446510500147e-05,8.876802183435178e-05,8.705291208908096e-05,3.6014431764167026e-05,7.952066086520446e-06,4.663823858060454e-05,7.25487300960866e-05,9.881581743248957e-05,7.962983288207827e-05,4.350673528887673e-05,2.4149658707016487e-07,0.00010217491873553458,7.139461905873415e-05,2.8332731341419418e-06,0.00016099685715760138,6.681337987612163e-05,2.3890442093083512e-05,4.799824509767051e-05,8.43848462750153e-05,3.363087931390873e-05,5.4704752187473335e-05,1.0193534643189362e-05,2.9867749160413488e-05,4.323116836425519e-05,0.0001777037227153651,0.00011127830609435269,8.582234344931312e-05,0.00012531164216611815,6.983955486141242e-05,4.330091855254306e-05,2.9481203768699418e-05,0.00013019367053130788
SYY.N,4.3786963583109066e-05,1.7952976690680565e-05,0.00010953566393228789,5.724278134994626e-05,0.0001735023763061011,0.0002382197513464345,0.00010708503588074845,8.074597602917503e-05,6.827534370356328e-05,-5.7429775963536293e-05,0.0002017262513455767,8.729901266927822e-05,9.054438313219865e-05,-9.911045502687948e-05,0.00015554741852871282,0.00012486749604322168,9.129592067009515e-06,2.7924685063582124e-05,0.00016589016205969566,4.050197928092883e-05,-5.264293237937186e-05,0.00011635605422771322,0.00013715779212504354,0.00014876886588865672,8.173559376226996e-05,1.7276239309461416e-05,0.00015870105593115069,0.00010315937666617439,5.830105047520568e-05,0.0002811956860362973,0.0001320964092550023,0.0001325600042788891,0.00011250575217760228,-9.867252297988066e-06,6.605117513532747e-05,6.502256138908369e-05,3.660878464979073e-05,-1.4817353124263165e-05,3.885988216686125e-05,7.708591320643632e-05,5.0826269749176796e-05,0.00010751740899731539,9.871636294338256e-05,-1.4443557539568455e-05,6.784379541697936e-05,7.638859514905893e-05,5.839637981967723e-06,0.00011900761388184269,8.027998099703101e-05,-1.1125782404928e-05,-5.953441677880377e-06,0.00011161748146703264,-3.0919290016017345e-05,6.37326744544258e-05,-1.3793140383723756e-05,-1.9070806437481675e-05,5.518375778860264e-05,0.00011127830609435269,0.0002258034194102759,6.526668717462487e-05,0.00014293554649741661,7.226104287559815e-05,3.2558071919532994e-05,3.477034656344108e-05,0.00015589082583845982
TGT.N,3.172341356257616e-05,2.4951023526923267e-05,4.010821456727264e-05,4.4070977510581e-05,7.650285058827318e-05,6.759085480296776e-05,6.811863353655532e-05,2.3001814861398496e-05,7.017028703940604e-06,-1.038629728292686e-05,8.861445436675118e-05,2.4525070564629626e-05,3.6079124916842784e-05,1.7619337828945857e-05,6.769050290881073e-05,3.738333941043401e-05,1.8371441092218036e-05,4.9993526110786806e-05,4.780782335178873e-05,2.084119869508055e-05,-8.337608499637819e-05,4.247498610251175e-05,4.323786837131332e-05,7.47900547935558e-05,4.015517697348634e-05,-3.3874661146635994e-06,7.95733541406853e-05,2.6167808679062718e-05,6.53834969690823e-05,6.452294709548166e-05,3.883036621024325e-05,8.47563421490237e-05,7.726478955416087e-05,-4.548541011351509e-06,2.9724807373922464e-05,5.213541626024036e-05,3.583180606755379e-05,1.561103555413033e-05,2.8970884129916206e-05,5.409271351590365e-05,6.799321489295759e-05,4.4130799520718077e-05,2.716231588988114e-05,-8.397038271181688e-06,5.868035380937473e-05,4.0140605541943206e-05,-5.3369269306345435e-06,0.00012258231599224128,3.3819804430024e-05,1.7715286426394357e-05,2.6830385616015647e-05,3.436141012838376e-05,5.003876287645918e-06,4.575410462206634e-05,8.425067685243073e-06,1.774792343297988e-05,1.9716119636264283e-05,8.582234344931312e-05,6.526668717462487e-05,8.680708642878736e-05,5.903961204176978e-05,4.3806082507697086e-05,2.914538399855356e-05,4.896182243581254e-05,5.260180399520939e-05
TROW.O,4.0606952324838594e-05,1.6605179328566653e-05,8.950679876198508e-05,7.447629917482728e-05,0.00015157522795616806,0.00022369926459910914,0.00010816412799353334,5.377025284776771e-05,5.915467198982024e-05,-3.655727714093324e-05,0.0002637881928129074,6.27917803829759e-05,8.086378127219345e-05,1.2984726081273037e-05,0.0001527339546729164,0.00017851715129128516,-2.9598068961802235e-05,4.30950805305819e-05,0.0001688735709760503,-1.154963902129206e-05,-0.00014581217700124468,0.000128452229063692,0.00011376309824321718,0.00017578884777951902,7.232204049752244e-05,2.940765591175011e-05,0.0001687284181564446,8.685560543978784e-05,5.8102815279136384e-05,0.0002183225968300759,0.00011817218666819,0.00012344541176022292,7.884108121368934e-05,-2.604192451511983e-05,7.362072935949986e-05,7.307098408567557e-05,4.124164031494788e-05,-3.251543931129908e-05,1.585268133875364e-05,8.827908272021277e-05,9.216893021580733e-05,6.23796679606763e-05,8.180982822456024e-05,-2.7652138185458107e-05,6.9714591945991e-05,9.85230249418498e-05,2.0617935893911956e-05,0.00014222649477999325,8.299809031517306e-05,-3.6808127525001e-05,6.736972827698289e-06,0.00010510267077627625,3.7291029904741814e-06,6.081887323120997e-05,4.6295027604233235e-06,-3.17061112765702e-05,7.699463571846026e-05,0.00012531164216611815,0.00014293554649741661,5.903961204176978e-05,0.0002194668900187278,7.497949466419857e-05,2.169697282895693e-05,5.028933353075824e-05,0.00014471659338500452
WBA.O,3.0219132905707073e-05,1.4957576224130185e-05,5.6886652677122984e-05,3.193487418950237e-05,7.434229919316136e-05,0.0001298186770223611,5.253289917364918e-05,1.7739885963239608e-05,-6.610776133763225e-06,-4.064879385789882e-05,0.00013398685611629336,3.173320830131811e-05,1.232678476284187e-05,-2.1336500268663338e-05,0.0001026354093560442,5.331392940099436e-05,-1.4005528886391036e-05,1.173714925696855e-05,7.749768454325736e-05,-1.8827596235597655e-06,-0.0001234206513228754,5.430183388911445e-05,0.00011330915377976156,6.589984875266902e-05,3.2594979915475654e-05,-2.7844959435606076e-05,7.576328261387215e-05,1.7893647687887806e-05,2.50040812935177e-05,0.0001012422583968997,4.800803670160829e-05,5.295974404298255e-05,3.4103791115458443e-05,-2.565844887336638e-05,4.3688450673443306e-05,4.3307750331379756e-05,3.3082096349736125e-05,-1.6644034811476183e-05,1.7114034401879114e-05,2.9968883391648662e-05,3.69951533413891e-05,2.2950957168595162e-05,5.690947854318236e-05,-3.565325164735598e-05,4.8931660094947394e-05,2.900004736640262e-05,-3.3676928384368474e-05,0.00013194401927441894,2.4973655762965332e-05,-1.5802849106405738e-06,7.532744232325492e-06,3.057493252002875e-05,2.1704653056851046e-05,7.081824054526056e-06,-3.319035631260586e-06,-3.078769390904529e-06,-1.024559788867329e-05,6.983955486141242e-05,7.226104287559815e-05,4.3806082507697086e-05,7.497949466419857e-05,9.77380114354817e-05,2.0968192460128553e-05,-1.4947011528179296e-05,0.00013148213395386171
WMT.N,1.1098988773530947e-05,9.996846441410819e-06,1.4963641460862657e-05,2.756254169135142e-05,2.7091922348542288e-05,3.174541645531335e-05,2.5143874082472675e-05,1.6628129519108936e-05,3.4682475197569605e-05,-3.942446963230124e-05,2.4135880302677404e-05,2.1792061643688862e-05,2.2822525359578617e-05,-0.00012225135006845204,2.7705479150477182e-05,2.050497075953429e-05,1.9298193006028163e-05,2.7615475898531583e-05,2.2869082786081742e-05,2.3169929984550046e-05,-5.1240916106398915e-05,1.631880863136409e-05,1.3256477577144741e-05,2.8416394599477002e-05,2.2172369788887666e-05,1.7599910919237222e-05,3.4235899911084846e-05,2.2399317530326882e-05,1.0832943958768816e-05,8.031148384164508e-05,1.5106906778623841e-05,3.5251776249059875e-05,2.7962503641356417e-05,1.4212030113314408e-05,1.405918072873365e-05,2.3443059532269023e-05,1.80821499145851e-05,1.6936095670212887e-05,2.384189113877395e-05,1.1371936087912876e-05,3.22677644581201e-05,2.3848067703378415e-05,1.414387421576909e-05,1.4460440501303759e-05,3.548289478217198e-05,1.0362807832161476e-05,1.6998663825862256e-05,-1.0030112871890583e-06,2.584089924091148e-05,2.3235449435566837e-05,2.485972135104876e-05,2.2555534680167505e-05,1.0608081497894009e-05,1.9427263864296697e-05,3.4811451038717865e-06,2.6312683624553076e-05,3.7732121201500392e-06,4.330091855254306e-05,3.2558071919532994e-05,2.914538399855356e-05,2.169697282895693e-05,2.0968192460128553e-05,3.4803875237163756e-05,-2.904367428462532e-06,1.2687062853424084e-05
WST.N,1.067004384766056e-05,2.9791243747309337e-05,4.744481918244427e-05,3.143038925319074e-05,6.964599134197214e-05,7.295024342040806e-05,4.187927748873783e-05,4.48182919004915e-05,2.8396339664245232e-06,7.164160219890027e-05,6.787683724713596e-05,-3.514017955944942e-05,4.1867547114793334e-05,0.00010520818535109865,9.447680530630672e-06,1.4577560346528122e-05,3.683113387225615e-05,1.8751509664673475e-05,7.402768841478908e-05,-2.0316599776023565e-05,-6.590641090972069e-07,6.224166146169716e-05,4.610150445991401e-06,3.74150141380146e-05,2.5566302089995745e-05,1.5749805896303014e-05,6.295255036043853e-05,-2.8054457546557406e-07,6.135741958137308e-05,-6.6529141575473144e-06,3.6718723713927765e-05,3.9512389534768005e-05,3.589031401663986e-05,-1.1457041927613122e-05,-3.6065172341912907e-06,2.279207130410593e-05,7.47948675252318e-06,2.9054441358878495e-05,-2.251062712091951e-05,5.5132428338391415e-05,5.643698142379127e-05,1.3986305690531702e-05,1.9531030577789537e-05,2.3817254420841957e-06,-7.906835419155922e-06,5.182615223506671e-05,3.780826447852717e-05,0.00013722898203053592,3.8268938448059626e-07,-1.9949254609867713e-05,1.875959060082529e-05,7.30068113210222e-05,2.0854399338324626e-05,2.650256966566065e-05,3.260254654184605e-05,2.088245826458007e-05,0.00010358026809947646,2.9481203768699418e-05,3.477034656344108e-05,4.896182243581254e-05,5.028933353075824e-05,-1.4947011528179296e-05,-2.904367428462532e-06,0.00022358820072881477,1.146770181439415e-06
XOM.N,8.163500644450914e-05,-2.9179898128239256e-06,0.00012070805560128726,7.520905189057503e-05,0.00019379138207747823,0.00025902993652235574,0.00011552833083940482,8.450402504099521e-05,2.358458194792203e-05,-4.0819370841507394e-05,0.00025975237595272883,5.5526072933504894e-05,4.944093348749969e-05,3.250048652049633e-05,0.00021402887167799455,0.00012146023158102034,-5.772792124918991e-05,3.249797551213165e-05,0.00018985464629779858,5.051725162381011e-05,-0.0001864973465452236,1.6790605555352597e-05,0.0002746128399253468,0.00010915957084528257,6.627167847246681e-05,-2.1951691370785763e-05,0.0001532855353519818,5.3761005872060964e-05,2.9120452235930228e-05,0.00019029485143682093,0.00013563388283058456,0.00010974209079939623,0.00010077072438088186,-4.272163241015329e-05,0.00011831782840562428,8.862085750513736e-05,3.929982661752693e-05,-6.316485188114636e-05,4.3580051240434645e-05,4.5161160869942066e-05,7.061137374173207e-05,8.189465565397138e-05,9.888478535774178e-05,-9.334193973467174e-05,7.697758087438235e-05,7.014789777156488e-05,-4.1203695442310176e-05,0.00024353613217404206,3.0448334815481984e-05,-1.1513681982379674e-05,-3.381979434198413e-05,9.183017628081431e-05,6.259856414992544e-05,1.9421656042639656e-05,-1.0012497438970821e-05,-4.6543087466068207e-05,1.8532250257284047e-05,0.00013019367053130788,0.00015589082583845982,5.260180399520939e-05,0.00014471659338500452,0.00013148213395386171,1.2687062853424084e-05,1.146770181439415e-06,0.00032040829422780575
